<?xml version="1.0" standalone="yes"?>
<NewDataSet>
  <xs:schema id="NewDataSet" xmlns="" xmlns:xs="http://www.w3.org/2001/XMLSchema" xmlns:msdata="urn:schemas-microsoft-com:xml-msdata">
    <xs:element name="NewDataSet" msdata:IsDataSet="true" msdata:UseCurrentLocale="true">
      <xs:complexType>
        <xs:choice minOccurs="0" maxOccurs="unbounded">
          <xs:element name="Table">
            <xs:complexType>
              <xs:sequence>
                <xs:element name="BE_ID" type="xs:string" minOccurs="0" />
                <xs:element name="BECUR_ID" type="xs:string" minOccurs="0" />
                <xs:element name="NAME" type="xs:string" minOccurs="0" />
                <xs:element name="DEFAULT_EXRATE" type="xs:string" minOccurs="0" />
                <xs:element name="SYMBOL" type="xs:string" minOccurs="0" />
                <xs:element name="REFERENCE_NO_1" type="xs:string" minOccurs="0" />
                <xs:element name="REFERENCE_NO_2" type="xs:string" minOccurs="0" />
                <xs:element name="REFERENCE_NO_3" type="xs:string" minOccurs="0" />
                <xs:element name="DELMARK" type="xs:string" minOccurs="0" />
                <xs:element name="GW_STATUS" type="xs:string" minOccurs="0" />
                <xs:element name="CREATED_AT" type="xs:string" minOccurs="0" />
                <xs:element name="CREATED_BY" type="xs:string" minOccurs="0" />
                <xs:element name="CREATED_ON" type="xs:string" minOccurs="0" />
                <xs:element name="MODIFIED_AT" type="xs:string" minOccurs="0" />
                <xs:element name="MODIFIED_BY" type="xs:string" minOccurs="0" />
                <xs:element name="MODIFIED_ON" type="xs:string" minOccurs="0" />
                <xs:element name="SYS_STAMP" type="xs:string" minOccurs="0" />
                <xs:element name="DB_ROW_COUNT" type="xs:string" minOccurs="0" />
              </xs:sequence>
            </xs:complexType>
          </xs:element>
        </xs:choice>
      </xs:complexType>
    </xs:element>
  </xs:schema>
  <Table>
    <BE_ID>BSPL</BE_ID>
    <BECUR_ID>SGD</BECUR_ID>
    <NAME>Singapore Dollar</NAME>
    <DEFAULT_EXRATE>1</DEFAULT_EXRATE>
    <SYMBOL>SGD</SYMBOL>
    <REFERENCE_NO_1>0</REFERENCE_NO_1>
    <REFERENCE_NO_2>0</REFERENCE_NO_2>
    <REFERENCE_NO_3>0</REFERENCE_NO_3>
    <DELMARK>N</DELMARK>
    <GW_STATUS>UNSEND</GW_STATUS>
    <CREATED_AT>GURUSOFTPTELTD</CREATED_AT>
    <CREATED_BY>ROOT</CREATED_BY>
    <CREATED_ON>2018-07-30T11:39:47+05:30</CREATED_ON>
    <MODIFIED_AT>GSI-DTP-15-001</MODIFIED_AT>
    <MODIFIED_BY>PRAVEEN</MODIFIED_BY>
    <MODIFIED_ON>2021-05-25T17:48:21+05:30</MODIFIED_ON>
    <SYS_STAMP>GSI-DTP-15-001PRAVEEN5/25/2021 5:48:21 PM</SYS_STAMP>
    <DB_ROW_COUNT>2</DB_ROW_COUNT>
  </Table>
  <Table>
    <BE_ID>BSPL</BE_ID>
    <BECUR_ID>USD</BECUR_ID>
    <NAME>US Dollar</NAME>
    <DEFAULT_EXRATE>3</DEFAULT_EXRATE>
    <SYMBOL>$</SYMBOL>
    <REFERENCE_NO_1>0</REFERENCE_NO_1>
    <REFERENCE_NO_2>0</REFERENCE_NO_2>
    <REFERENCE_NO_3>0</REFERENCE_NO_3>
    <DELMARK>N</DELMARK>
    <GW_STATUS>UNSEND</GW_STATUS>
    <CREATED_AT>GSI-DTP-15-001</CREATED_AT>
    <CREATED_BY>PRAVEEN</CREATED_BY>
    <CREATED_ON>2021-05-22T09:17:33+05:30</CREATED_ON>
    <MODIFIED_AT>GSI-DTP-15-001</MODIFIED_AT>
    <MODIFIED_BY>PRAVEEN</MODIFIED_BY>
    <MODIFIED_ON>2021-05-26T11:19:57+05:30</MODIFIED_ON>
    <SYS_STAMP>GSI-DTP-15-001PRAVEEN5/26/2021 11:19:57 AM</SYS_STAMP>
    <DB_ROW_COUNT>2</DB_ROW_COUNT>
  </Table>
</NewDataSet>