<?xml version="1.0" standalone="yes"?>
<NewDataSet>
  <xs:schema id="NewDataSet" xmlns="" xmlns:xs="http://www.w3.org/2001/XMLSchema" xmlns:msdata="urn:schemas-microsoft-com:xml-msdata">
    <xs:element name="NewDataSet" msdata:IsDataSet="true" msdata:UseCurrentLocale="true">
      <xs:complexType>
        <xs:choice minOccurs="0" maxOccurs="unbounded">
          <xs:element name="Table">
            <xs:complexType>
              <xs:sequence>
                <xs:element name="WO_ID" type="xs:string" minOccurs="0" />
                <xs:element name="TRANS_DATE" type="xs:string" minOccurs="0" />
                <xs:element name="TRANS_TYPE" type="xs:string" minOccurs="0" />
                <xs:element name="INV_CUS_ID" type="xs:string" minOccurs="0" />
                <xs:element name="BEDC_ID" type="xs:string" minOccurs="0" />
                <xs:element name="TRANS_STATUS" type="xs:string" minOccurs="0" />
                <xs:element name="BETRNT_ID" type="xs:string" minOccurs="0" />
                <xs:element name="BECUR_ID" type="xs:string" minOccurs="0" />
                <xs:element name="CONTRACT_ID" type="xs:string" minOccurs="0" />
                <xs:element name="EXT_SYS_REF_NO" type="xs:string" minOccurs="0" />
                <xs:element name="PRINT_STATUS" type="xs:string" minOccurs="0" />
                <xs:element name="PROCESS_STATUS" type="xs:string" minOccurs="0" />
                <xs:element name="CREATED_ON" type="xs:string" minOccurs="0" />
                <xs:element name="CREATED_BY" type="xs:string" minOccurs="0" />
                <xs:element name="CREATED_AT" type="xs:string" minOccurs="0" />
                <xs:element name="MODIFIED_ON" type="xs:string" minOccurs="0" />
                <xs:element name="MODIFIED_BY" type="xs:string" minOccurs="0" />
                <xs:element name="MODIFIED_AT" type="xs:string" minOccurs="0" />
                <xs:element name="DOCUMENT_ATTACHED" type="xs:string" minOccurs="0" />
                <xs:element name="TERMS" type="xs:string" minOccurs="0" />
                <xs:element name="MODE_OF_TRANSPORT" type="xs:string" minOccurs="0" />
                <xs:element name="DEMURRAGE" type="xs:string" minOccurs="0" />
                <xs:element name="DETENTION" type="xs:string" minOccurs="0" />
                <xs:element name="TYPE_OF_TRANSPORT" type="xs:string" minOccurs="0" />
                <xs:element name="NO_OF_TRANSPORT" type="xs:string" minOccurs="0" />
                <xs:element name="CUST_NAME" type="xs:string" minOccurs="0" />
                <xs:element name="WAREHOUSE_DESC" type="xs:string" minOccurs="0" />
                <xs:element name="EXPECTED_DATE" type="xs:string" minOccurs="0" />
                <xs:element name="BECTY_ID" type="xs:string" minOccurs="0" />
                <xs:element name="BECTYL_ID" type="xs:string" minOccurs="0" />
                <xs:element name="BEDEP_ID" type="xs:string" minOccurs="0" />
                <xs:element name="RENT_END_DATE" type="xs:string" minOccurs="0" />
                <xs:element name="STRG_CONTRACT_ID" type="xs:string" minOccurs="0" />
                <xs:element name="BILLING_STATUS" type="xs:string" minOccurs="0" />
                <xs:element name="CONTACT_PERSON" type="xs:string" minOccurs="0" />
                <xs:element name="COUNTRY_DESC" type="xs:string" minOccurs="0" />
                <xs:element name="CTYLOC_DESC" type="xs:string" minOccurs="0" />
                <xs:element name="DEP_DESC" type="xs:string" minOccurs="0" />
                <xs:element name="PERFORMED_YN" type="xs:string" minOccurs="0" />
                <xs:element name="REFERENCE_8" type="xs:string" minOccurs="0" />
                <xs:element name="BECONG_ID" type="xs:string" minOccurs="0" />
                <xs:element name="TRANSPORT_STATUS" type="xs:string" minOccurs="0" />
                <xs:element name="REFERENCE_NO_1" type="xs:string" minOccurs="0" />
                <xs:element name="REFERENCE_NO_2" type="xs:string" minOccurs="0" />
                <xs:element name="REFERENCE_NO_3" type="xs:string" minOccurs="0" />
                <xs:element name="ORDER_NO" type="xs:string" minOccurs="0" />
                <xs:element name="EMPTY_CONTAINER_ARRIVAL" type="xs:string" minOccurs="0" />
                <xs:element name="LOADING_METHOD" type="xs:string" minOccurs="0" />
                <xs:element name="FUMIGATION_FLAG" type="xs:string" minOccurs="0" />
                <xs:element name="INTERNAL_REF" type="xs:string" minOccurs="0" />
                <xs:element name="OWNER_NAME" type="xs:string" minOccurs="0" />
                <xs:element name="ETD_DATE" type="xs:string" minOccurs="0" />
                <xs:element name="ETA_DATE" type="xs:string" minOccurs="0" />
                <xs:element name="ISSUED_DATE" type="xs:string" minOccurs="0" />
                <xs:element name="BRAND_ID" type="xs:string" minOccurs="0" />
                <xs:element name="PRODUCT_CLASS" type="xs:string" minOccurs="0" />
                <xs:element name="VESSEL" type="xs:string" minOccurs="0" />
                <xs:element name="VOYAGE" type="xs:string" minOccurs="0" />
                <xs:element name="REFERENCE_6" type="xs:string" minOccurs="0" />
                <xs:element name="BOOKING_REF_NO" type="xs:string" minOccurs="0" />
                <xs:element name="TOTAL_QTY" type="xs:string" minOccurs="0" />
                <xs:element name="TOTAL_GROSS_WEIGHT" type="xs:string" minOccurs="0" />
                <xs:element name="TOTAL_NET_WEIGHT" type="xs:string" minOccurs="0" />
                <xs:element name="COMPLETED_DATE" type="xs:string" minOccurs="0" />
                <xs:element name="BESP_ID_2" type="xs:string" minOccurs="0" />
                <xs:element name="OPT_REF_GRN" type="xs:string" minOccurs="0" />
                <xs:element name="OBL_NO" type="xs:string" minOccurs="0" />
                <xs:element name="HOUSE_BL_NO" type="xs:string" minOccurs="0" />
                <xs:element name="POL" type="xs:string" minOccurs="0" />
                <xs:element name="POD" type="xs:string" minOccurs="0" />
                <xs:element name="BESP_DESC" type="xs:string" minOccurs="0" />
                <xs:element name="OPT_REF_GRN_DESC" type="xs:string" minOccurs="0" />
                <xs:element name="POD_DESC" type="xs:string" minOccurs="0" />
                <xs:element name="POL_DESC" type="xs:string" minOccurs="0" />
                <xs:element name="BESP_ID_DESC" type="xs:string" minOccurs="0" />
                <xs:element name="BESP_ID" type="xs:string" minOccurs="0" />
                <xs:element name="INSTRUCTION" type="xs:string" minOccurs="0" />
                <xs:element name="PACKING_REMARKS" type="xs:string" minOccurs="0" />
                <xs:element name="PLAN_PUTAWAY_REMARKS" type="xs:string" minOccurs="0" />
                <xs:element name="ALOC_BY" type="xs:string" minOccurs="0" />
                <xs:element name="BESTC_ID" type="xs:string" minOccurs="0" />
                <xs:element name="PO_NO" type="xs:string" minOccurs="0" />
                <xs:element name="DN_NO" type="xs:string" minOccurs="0" />
                <xs:element name="SHIPMENT_NO" type="xs:string" minOccurs="0" />
                <xs:element name="BEWH_ID" type="xs:string" minOccurs="0" />
                <xs:element name="BESTORE_ID" type="xs:string" minOccurs="0" />
                <xs:element name="FOOTERTOTAL_QTY" type="xs:string" minOccurs="0" />
                <xs:element name="FOOTERTOTAL_GROSS_WEIGHT" type="xs:string" minOccurs="0" />
                <xs:element name="FOOTERTOTAL_NET_WEIGHT" type="xs:string" minOccurs="0" />
                <xs:element name="PARTIAL_ALLOC_ALLOWED_FLAG" type="xs:string" minOccurs="0" />
                <xs:element name="PARTIAL_PICK_ALLOWED_FLAG" type="xs:string" minOccurs="0" />
                <xs:element name="DB_ROW_COUNT" type="xs:string" minOccurs="0" />
              </xs:sequence>
            </xs:complexType>
          </xs:element>
        </xs:choice>
      </xs:complexType>
    </xs:element>
  </xs:schema>
  <Table>
    <WO_ID>OHMS194559</WO_ID>
    <TRANS_DATE>2019-06-03T12:00:00+05:30</TRANS_DATE>
    <TRANS_TYPE>OUTGOING</TRANS_TYPE>
    <INV_CUS_ID>HUNTSM</INV_CUS_ID>
    <BEDC_ID>BERTSCHIJICC</BEDC_ID>
    <TRANS_STATUS>FF</TRANS_STATUS>
    <BETRNT_ID>OUT</BETRNT_ID>
    <BECUR_ID>SGD</BECUR_ID>
    <CONTRACT_ID>QTNR00000022</CONTRACT_ID>
    <EXT_SYS_REF_NO>6202129200/352</EXT_SYS_REF_NO>
    <PRINT_STATUS>N</PRINT_STATUS>
    <PROCESS_STATUS>COMPLETED</PROCESS_STATUS>
    <CREATED_ON>2019-06-03T13:47:03+05:30</CREATED_ON>
    <CREATED_BY>JOON</CREATED_BY>
    <CREATED_AT>SINPC002</CREATED_AT>
    <MODIFIED_ON>2019-06-03T13:54:40+05:30</MODIFIED_ON>
    <MODIFIED_BY>JOON</MODIFIED_BY>
    <MODIFIED_AT>SINPC002</MODIFIED_AT>
    <DOCUMENT_ATTACHED>N</DOCUMENT_ATTACHED>
    <TERMS>60 DAYS</TERMS>
    <MODE_OF_TRANSPORT>BY LAND</MODE_OF_TRANSPORT>
    <DEMURRAGE>0</DEMURRAGE>
    <DETENTION>0</DETENTION>
    <TYPE_OF_TRANSPORT>ISOTANK TRUCKING</TYPE_OF_TRANSPORT>
    <NO_OF_TRANSPORT>0</NO_OF_TRANSPORT>
    <CUST_NAME>HUNTSMAN (SINGAPORE) PTE LTD</CUST_NAME>
    <WAREHOUSE_DESC>BERTSCHIJICC</WAREHOUSE_DESC>
    <EXPECTED_DATE>2019-06-02T00:00:00+05:30</EXPECTED_DATE>
    <BECTY_ID>SG</BECTY_ID>
    <BECTYL_ID>JICC</BECTYL_ID>
    <BEDEP_ID>NA</BEDEP_ID>
    <RENT_END_DATE>2019-01-23T09:26:05+05:30</RENT_END_DATE>
    <STRG_CONTRACT_ID>QTNS00000015</STRG_CONTRACT_ID>
    <BILLING_STATUS>COMPLETED</BILLING_STATUS>
    <CONTACT_PERSON>S1107</CONTACT_PERSON>
    <COUNTRY_DESC>SINGAPORE</COUNTRY_DESC>
    <CTYLOC_DESC>JICC</CTYLOC_DESC>
    <DEP_DESC>Not Applicable</DEP_DESC>
    <PERFORMED_YN>N</PERFORMED_YN>
    <REFERENCE_8>NA</REFERENCE_8>
    <BECONG_ID>AFTON</BECONG_ID>
    <TRANSPORT_STATUS>PENDING</TRANSPORT_STATUS>
    <REFERENCE_NO_1>0</REFERENCE_NO_1>
    <REFERENCE_NO_2>0</REFERENCE_NO_2>
    <REFERENCE_NO_3>0</REFERENCE_NO_3>
    <ORDER_NO>NA</ORDER_NO>
    <EMPTY_CONTAINER_ARRIVAL>1/23/2019 12:00:00 AM</EMPTY_CONTAINER_ARRIVAL>
    <LOADING_METHOD>LOLO</LOADING_METHOD>
    <FUMIGATION_FLAG>NA</FUMIGATION_FLAG>
    <INTERNAL_REF>72706781/6780</INTERNAL_REF>
    <OWNER_NAME>AFTON CHEMICAL ASIA PTE LTD</OWNER_NAME>
    <ETD_DATE>2019-06-02T00:00:00+05:30</ETD_DATE>
    <ETA_DATE>2019-06-02T00:00:00+05:30</ETA_DATE>
    <ISSUED_DATE>2019-05-31T00:00:00+05:30</ISSUED_DATE>
    <PRODUCT_CLASS>DG</PRODUCT_CLASS>
    <VESSEL>NA</VESSEL>
    <VOYAGE>NA</VOYAGE>
    <REFERENCE_6>NA</REFERENCE_6>
    <BOOKING_REF_NO>NA</BOOKING_REF_NO>
    <TOTAL_QTY>4</TOTAL_QTY>
    <TOTAL_GROSS_WEIGHT>44082</TOTAL_GROSS_WEIGHT>
    <TOTAL_NET_WEIGHT>44082</TOTAL_NET_WEIGHT>
    <COMPLETED_DATE>2019-06-02T00:00:00+05:30</COMPLETED_DATE>
    <BESP_ID_2>NA</BESP_ID_2>
    <OPT_REF_GRN>NA</OPT_REF_GRN>
    <OBL_NO>NA</OBL_NO>
    <HOUSE_BL_NO>NA</HOUSE_BL_NO>
    <POL>SGSIN</POL>
    <POD>SGSIN</POD>
    <BESP_DESC>Not Applicable</BESP_DESC>
    <OPT_REF_GRN_DESC>Not Applicable</OPT_REF_GRN_DESC>
    <POD_DESC>SINGAPORE, SINGAPORE</POD_DESC>
    <POL_DESC>SINGAPORE, SINGAPORE</POL_DESC>
    <BESP_ID_DESC>Not Applicable</BESP_ID_DESC>
    <BESP_ID>NA</BESP_ID>
    <PACKING_REMARKS>STOCK INTERNAL TRANSFER.
NO LOLO CHARGES.</PACKING_REMARKS>
    <PLAN_PUTAWAY_REMARKS>NA</PLAN_PUTAWAY_REMARKS>
    <ALOC_BY>BATCH</ALOC_BY>
    <BESTC_ID>100</BESTC_ID>
    <PO_NO>6202129200/352</PO_NO>
    <DN_NO>72706781/6780</DN_NO>
    <SHIPMENT_NO>1924882/1924880</SHIPMENT_NO>
    <BEWH_ID>BERTSCHIJICC</BEWH_ID>
    <BESTORE_ID>NA</BESTORE_ID>
    <FOOTERTOTAL_QTY>2</FOOTERTOTAL_QTY>
    <FOOTERTOTAL_GROSS_WEIGHT>2</FOOTERTOTAL_GROSS_WEIGHT>
    <FOOTERTOTAL_NET_WEIGHT>2</FOOTERTOTAL_NET_WEIGHT>
    <PARTIAL_ALLOC_ALLOWED_FLAG>N</PARTIAL_ALLOC_ALLOWED_FLAG>
    <PARTIAL_PICK_ALLOWED_FLAG>N</PARTIAL_PICK_ALLOWED_FLAG>
    <DB_ROW_COUNT>7</DB_ROW_COUNT>
  </Table>
  <Table>
    <WO_ID>OHMS194552</WO_ID>
    <TRANS_DATE>2019-06-03T00:00:00+05:30</TRANS_DATE>
    <TRANS_TYPE>OUTGOING</TRANS_TYPE>
    <INV_CUS_ID>HUNTSM</INV_CUS_ID>
    <BEDC_ID>BERTSCHIJICC</BEDC_ID>
    <TRANS_STATUS>FF</TRANS_STATUS>
    <BETRNT_ID>OUT</BETRNT_ID>
    <BECUR_ID>SGD</BECUR_ID>
    <CONTRACT_ID>QTNR00000022</CONTRACT_ID>
    <EXT_SYS_REF_NO>6200914672</EXT_SYS_REF_NO>
    <PRINT_STATUS>N</PRINT_STATUS>
    <PROCESS_STATUS>COMPLETED</PROCESS_STATUS>
    <CREATED_ON>2019-06-03T11:33:52+05:30</CREATED_ON>
    <CREATED_BY>PATRINA</CREATED_BY>
    <CREATED_AT>SINPC011</CREATED_AT>
    <MODIFIED_ON>2019-06-09T14:11:03+05:30</MODIFIED_ON>
    <MODIFIED_BY>SURES</MODIFIED_BY>
    <MODIFIED_AT>SINPC009</MODIFIED_AT>
    <DOCUMENT_ATTACHED>N</DOCUMENT_ATTACHED>
    <TERMS>60 DAYS</TERMS>
    <MODE_OF_TRANSPORT>BY SEA</MODE_OF_TRANSPORT>
    <DEMURRAGE>0</DEMURRAGE>
    <DETENTION>0</DETENTION>
    <TYPE_OF_TRANSPORT>EXPORT</TYPE_OF_TRANSPORT>
    <NO_OF_TRANSPORT>0</NO_OF_TRANSPORT>
    <CUST_NAME>HUNTSMAN (SINGAPORE) PTE LTD</CUST_NAME>
    <WAREHOUSE_DESC>BERTSCHIJICC</WAREHOUSE_DESC>
    <EXPECTED_DATE>2019-06-06T00:00:00+05:30</EXPECTED_DATE>
    <BECTY_ID>SG</BECTY_ID>
    <BECTYL_ID>JICC</BECTYL_ID>
    <BEDEP_ID>NA</BEDEP_ID>
    <RENT_END_DATE>2019-04-16T08:56:18+05:30</RENT_END_DATE>
    <STRG_CONTRACT_ID>QTNS00000015</STRG_CONTRACT_ID>
    <BILLING_STATUS>COMPLETED</BILLING_STATUS>
    <COUNTRY_DESC>SINGAPORE</COUNTRY_DESC>
    <CTYLOC_DESC>JICC</CTYLOC_DESC>
    <DEP_DESC>Not Applicable</DEP_DESC>
    <PERFORMED_YN>N</PERFORMED_YN>
    <REFERENCE_8>NA</REFERENCE_8>
    <BECONG_ID>HUNTSMANCN</BECONG_ID>
    <TRANSPORT_STATUS>PENDING</TRANSPORT_STATUS>
    <REFERENCE_NO_1>0</REFERENCE_NO_1>
    <REFERENCE_NO_2>0</REFERENCE_NO_2>
    <REFERENCE_NO_3>0</REFERENCE_NO_3>
    <ORDER_NO>NA</ORDER_NO>
    <EMPTY_CONTAINER_ARRIVAL>6/6/2019 12:00:00 AM</EMPTY_CONTAINER_ARRIVAL>
    <LOADING_METHOD>PALLETIZED</LOADING_METHOD>
    <FUMIGATION_FLAG>NA</FUMIGATION_FLAG>
    <INTERNAL_REF>85203483, 85203484</INTERNAL_REF>
    <OWNER_NAME>HUNTSMAN CHEMICAL TRADING (SHANGHAI) LTD</OWNER_NAME>
    <ETD_DATE>2019-06-13T00:00:00+05:30</ETD_DATE>
    <ETA_DATE>2019-06-13T00:00:00+05:30</ETA_DATE>
    <ISSUED_DATE>2019-06-11T00:00:00+05:30</ISSUED_DATE>
    <BRAND_ID>CLASS 2S EXP</BRAND_ID>
    <PRODUCT_CLASS>DG</PRODUCT_CLASS>
    <VESSEL>KMTC QINGDAO</VESSEL>
    <VOYAGE>1906N</VOYAGE>
    <REFERENCE_6>NA</REFERENCE_6>
    <BOOKING_REF_NO>KMDUSG00246219</BOOKING_REF_NO>
    <TOTAL_QTY>240</TOTAL_QTY>
    <TOTAL_GROSS_WEIGHT>48424</TOTAL_GROSS_WEIGHT>
    <TOTAL_NET_WEIGHT>48424</TOTAL_NET_WEIGHT>
    <COMPLETED_DATE>2019-06-10T12:00:00+05:30</COMPLETED_DATE>
    <BESP_ID_2>KMTC</BESP_ID_2>
    <OPT_REF_GRN>TBC</OPT_REF_GRN>
    <OBL_NO>NA</OBL_NO>
    <HOUSE_BL_NO>NA</HOUSE_BL_NO>
    <POL>SGSIN</POL>
    <POD>CNSHA</POD>
    <BESP_DESC>KMTC (SINGAPORE) PRIVATE LIMITED</BESP_DESC>
    <OPT_REF_GRN_DESC>TBC TRANSPORTATION &amp; TRADING PTE LTD</OPT_REF_GRN_DESC>
    <POD_DESC>SHANGHAI, CHINA</POD_DESC>
    <POL_DESC>SINGAPORE, SINGAPORE</POL_DESC>
    <BESP_ID_DESC>Not Applicable</BESP_ID_DESC>
    <BESP_ID>NA</BESP_ID>
    <INSTRUCTION>**CHINA SHIPMENT - ALL GHS LABELS MUST BE LATEST 4L GHS LABEL**
**RELABEL D400 TO 4L GHS LABEL**
1. Paste DG stickers on the container -  IMCO  8 / UN 2735.
2. Please check batch label and GHS labels are correct.
3. Make sure ALL drums are  pasted NEW GHS labels
4. Paste  MSDS on the inner side of the container door.
5. ALL LABELS MUST HAVE CHINESE PRODUCT NAME - CHINA SHIPMENT.
6. Please take CLEAR photo of UN marking and GHS labels</INSTRUCTION>
    <PLAN_PUTAWAY_REMARKS>NA</PLAN_PUTAWAY_REMARKS>
    <ALOC_BY>BATCH</ALOC_BY>
    <BESTC_ID>100</BESTC_ID>
    <PO_NO>6200914672</PO_NO>
    <DN_NO>85203483, 85203484</DN_NO>
    <SHIPMENT_NO>2607535</SHIPMENT_NO>
    <BEWH_ID>BERTSCHIJICC</BEWH_ID>
    <BESTORE_ID>NA</BESTORE_ID>
    <FOOTERTOTAL_QTY>80</FOOTERTOTAL_QTY>
    <FOOTERTOTAL_GROSS_WEIGHT>15784</FOOTERTOTAL_GROSS_WEIGHT>
    <FOOTERTOTAL_NET_WEIGHT>15784</FOOTERTOTAL_NET_WEIGHT>
    <PARTIAL_ALLOC_ALLOWED_FLAG>N</PARTIAL_ALLOC_ALLOWED_FLAG>
    <PARTIAL_PICK_ALLOWED_FLAG>N</PARTIAL_PICK_ALLOWED_FLAG>
    <DB_ROW_COUNT>7</DB_ROW_COUNT>
  </Table>
  <Table>
    <WO_ID>OHMS194551</WO_ID>
    <TRANS_DATE>2019-06-03T00:00:00+05:30</TRANS_DATE>
    <TRANS_TYPE>OUTGOING</TRANS_TYPE>
    <INV_CUS_ID>HUNTSM</INV_CUS_ID>
    <BEDC_ID>BERTSCHIJICC</BEDC_ID>
    <TRANS_STATUS>FF</TRANS_STATUS>
    <BETRNT_ID>OUT</BETRNT_ID>
    <BECUR_ID>SGD</BECUR_ID>
    <CONTRACT_ID>QTNR00000022</CONTRACT_ID>
    <EXT_SYS_REF_NO>1943655</EXT_SYS_REF_NO>
    <PRINT_STATUS>N</PRINT_STATUS>
    <PROCESS_STATUS>COMPLETED</PROCESS_STATUS>
    <CREATED_ON>2019-06-03T11:31:04+05:30</CREATED_ON>
    <CREATED_BY>PATRINA</CREATED_BY>
    <CREATED_AT>SINPC011</CREATED_AT>
    <MODIFIED_ON>2019-06-11T13:22:53+05:30</MODIFIED_ON>
    <MODIFIED_BY>SHIRUI</MODIFIED_BY>
    <MODIFIED_AT>SINPC003</MODIFIED_AT>
    <DOCUMENT_ATTACHED>N</DOCUMENT_ATTACHED>
    <TERMS>60 DAYS</TERMS>
    <MODE_OF_TRANSPORT>BY SEA</MODE_OF_TRANSPORT>
    <DEMURRAGE>0</DEMURRAGE>
    <DETENTION>0</DETENTION>
    <TYPE_OF_TRANSPORT>EXPORT</TYPE_OF_TRANSPORT>
    <NO_OF_TRANSPORT>0</NO_OF_TRANSPORT>
    <CUST_NAME>HUNTSMAN (SINGAPORE) PTE LTD</CUST_NAME>
    <WAREHOUSE_DESC>BERTSCHIJICC</WAREHOUSE_DESC>
    <EXPECTED_DATE>2019-06-06T00:00:00+05:30</EXPECTED_DATE>
    <BECTY_ID>SG</BECTY_ID>
    <BECTYL_ID>JICC</BECTYL_ID>
    <BEDEP_ID>NA</BEDEP_ID>
    <RENT_END_DATE>2019-04-18T09:58:42+05:30</RENT_END_DATE>
    <STRG_CONTRACT_ID>QTNS00000015</STRG_CONTRACT_ID>
    <BILLING_STATUS>COMPLETED</BILLING_STATUS>
    <COUNTRY_DESC>SINGAPORE</COUNTRY_DESC>
    <CTYLOC_DESC>JICC</CTYLOC_DESC>
    <DEP_DESC>Not Applicable</DEP_DESC>
    <PERFORMED_YN>N</PERFORMED_YN>
    <REFERENCE_8>NA</REFERENCE_8>
    <BECONG_ID>DALIANLS</BECONG_ID>
    <TRANSPORT_STATUS>PENDING</TRANSPORT_STATUS>
    <REFERENCE_NO_1>0</REFERENCE_NO_1>
    <REFERENCE_NO_2>0</REFERENCE_NO_2>
    <REFERENCE_NO_3>0</REFERENCE_NO_3>
    <ORDER_NO>NA</ORDER_NO>
    <EMPTY_CONTAINER_ARRIVAL>6/6/2019 12:00:00 AM</EMPTY_CONTAINER_ARRIVAL>
    <LOADING_METHOD>LOOSE</LOADING_METHOD>
    <FUMIGATION_FLAG>NA</FUMIGATION_FLAG>
    <INTERNAL_REF>72709879</INTERNAL_REF>
    <OWNER_NAME>DALIAN LIANSHENG TRADING CO., LTD</OWNER_NAME>
    <ETD_DATE>2019-06-13T00:00:00+05:30</ETD_DATE>
    <ETA_DATE>2019-06-13T00:00:00+05:30</ETA_DATE>
    <ISSUED_DATE>2019-06-11T00:00:00+05:30</ISSUED_DATE>
    <BRAND_ID>NORMAL CLASS</BRAND_ID>
    <PRODUCT_CLASS>DG</PRODUCT_CLASS>
    <VESSEL>KMTC QINGDAO</VESSEL>
    <VOYAGE>1906N</VOYAGE>
    <REFERENCE_6>NA</REFERENCE_6>
    <BOOKING_REF_NO>KMDUSG00246217</BOOKING_REF_NO>
    <TOTAL_QTY>402</TOTAL_QTY>
    <TOTAL_GROSS_WEIGHT>85430</TOTAL_GROSS_WEIGHT>
    <TOTAL_NET_WEIGHT>85430</TOTAL_NET_WEIGHT>
    <COMPLETED_DATE>2019-06-11T12:00:00+05:30</COMPLETED_DATE>
    <BESP_ID_2>KMTC</BESP_ID_2>
    <OPT_REF_GRN>TBC</OPT_REF_GRN>
    <OBL_NO>NA</OBL_NO>
    <HOUSE_BL_NO>NA</HOUSE_BL_NO>
    <POL>SGSIN</POL>
    <POD>CNNKG</POD>
    <BESP_DESC>KMTC (SINGAPORE) PRIVATE LIMITED</BESP_DESC>
    <OPT_REF_GRN_DESC>TBC TRANSPORTATION &amp; TRADING PTE LTD</OPT_REF_GRN_DESC>
    <POD_DESC>NANJING, CHINA</POD_DESC>
    <POL_DESC>SINGAPORE, SINGAPORE</POL_DESC>
    <BESP_ID_DESC>Not Applicable</BESP_ID_DESC>
    <BESP_ID>NA</BESP_ID>
    <INSTRUCTION>**CHINA SHIPMENT - ALL GHS LABELS MUST BE LATEST 4L GHS LABEL**
1. Paste DG stickers on the container -  IMCO 8 / UN 2735.
2. Please check batch label and GHS labels are correct.
3. Make sure ALL drums pasted NEW GHS labels
4. Paste  MSDS on the inner side of the container door.
5. ALL LABELS MUST HAVE CHINESE PRODUCT NAME - CHINA SHIPMENT.
6. Please take CLEAR photo of UN marking and GHS labels</INSTRUCTION>
    <PLAN_PUTAWAY_REMARKS>NA</PLAN_PUTAWAY_REMARKS>
    <ALOC_BY>BATCH</ALOC_BY>
    <BESTC_ID>100</BESTC_ID>
    <PO_NO>1943655</PO_NO>
    <DN_NO>72709879</DN_NO>
    <SHIPMENT_NO>2608347</SHIPMENT_NO>
    <BEWH_ID>BERTSCHIJICC</BEWH_ID>
    <BESTORE_ID>NA</BESTORE_ID>
    <FOOTERTOTAL_QTY>240</FOOTERTOTAL_QTY>
    <FOOTERTOTAL_GROSS_WEIGHT>46800</FOOTERTOTAL_GROSS_WEIGHT>
    <FOOTERTOTAL_NET_WEIGHT>46800</FOOTERTOTAL_NET_WEIGHT>
    <PARTIAL_ALLOC_ALLOWED_FLAG>N</PARTIAL_ALLOC_ALLOWED_FLAG>
    <PARTIAL_PICK_ALLOWED_FLAG>N</PARTIAL_PICK_ALLOWED_FLAG>
    <DB_ROW_COUNT>7</DB_ROW_COUNT>
  </Table>
  <Table>
    <WO_ID>OHMS194550</WO_ID>
    <TRANS_DATE>2019-06-03T11:30:15+05:30</TRANS_DATE>
    <TRANS_TYPE>OUTGOING</TRANS_TYPE>
    <INV_CUS_ID>HUNTSM</INV_CUS_ID>
    <BEDC_ID>BERTSCHIJICC</BEDC_ID>
    <TRANS_STATUS>FF</TRANS_STATUS>
    <BETRNT_ID>OUT</BETRNT_ID>
    <BECUR_ID>SGD</BECUR_ID>
    <CONTRACT_ID>QTNR00000022</CONTRACT_ID>
    <EXT_SYS_REF_NO>1941500</EXT_SYS_REF_NO>
    <PRINT_STATUS>N</PRINT_STATUS>
    <PROCESS_STATUS>COMPLETED</PROCESS_STATUS>
    <CREATED_ON>2019-06-03T11:26:03+05:30</CREATED_ON>
    <CREATED_BY>PATRINA</CREATED_BY>
    <CREATED_AT>SINPC011</CREATED_AT>
    <MODIFIED_ON>2019-06-11T03:31:34+05:30</MODIFIED_ON>
    <MODIFIED_BY>PRAKASH</MODIFIED_BY>
    <MODIFIED_AT>SINPC009</MODIFIED_AT>
    <DOCUMENT_ATTACHED>N</DOCUMENT_ATTACHED>
    <TERMS>60 DAYS</TERMS>
    <MODE_OF_TRANSPORT>BY SEA</MODE_OF_TRANSPORT>
    <DEMURRAGE>0</DEMURRAGE>
    <DETENTION>0</DETENTION>
    <TYPE_OF_TRANSPORT>EXPORT</TYPE_OF_TRANSPORT>
    <NO_OF_TRANSPORT>0</NO_OF_TRANSPORT>
    <CUST_NAME>HUNTSMAN (SINGAPORE) PTE LTD</CUST_NAME>
    <WAREHOUSE_DESC>BERTSCHIJICC</WAREHOUSE_DESC>
    <EXPECTED_DATE>2019-06-06T00:00:00+05:30</EXPECTED_DATE>
    <BECTY_ID>SG</BECTY_ID>
    <BECTYL_ID>JICC</BECTYL_ID>
    <BEDEP_ID>NA</BEDEP_ID>
    <RENT_END_DATE>2019-05-01T19:57:44+05:30</RENT_END_DATE>
    <STRG_CONTRACT_ID>QTNS00000015</STRG_CONTRACT_ID>
    <BILLING_STATUS>COMPLETED</BILLING_STATUS>
    <COUNTRY_DESC>SINGAPORE</COUNTRY_DESC>
    <CTYLOC_DESC>JICC</CTYLOC_DESC>
    <DEP_DESC>Not Applicable</DEP_DESC>
    <PERFORMED_YN>N</PERFORMED_YN>
    <REFERENCE_8>NA</REFERENCE_8>
    <BECONG_ID>INVISTA</BECONG_ID>
    <TRANSPORT_STATUS>PENDING</TRANSPORT_STATUS>
    <REFERENCE_NO_1>0</REFERENCE_NO_1>
    <REFERENCE_NO_2>0</REFERENCE_NO_2>
    <REFERENCE_NO_3>0</REFERENCE_NO_3>
    <ORDER_NO>NA</ORDER_NO>
    <EMPTY_CONTAINER_ARRIVAL>6/6/2019 12:00:00 AM</EMPTY_CONTAINER_ARRIVAL>
    <LOADING_METHOD>PALLETIZED</LOADING_METHOD>
    <FUMIGATION_FLAG>NA</FUMIGATION_FLAG>
    <INTERNAL_REF>72706785</INTERNAL_REF>
    <OWNER_NAME>INVISTA FIBERS (FOSHAN) CO., LTD</OWNER_NAME>
    <ETD_DATE>2019-06-13T00:00:00+05:30</ETD_DATE>
    <ETA_DATE>2019-06-13T00:00:00+05:30</ETA_DATE>
    <ISSUED_DATE>2019-06-11T00:00:00+05:30</ISSUED_DATE>
    <BRAND_ID>NORMAL CLASS</BRAND_ID>
    <PRODUCT_CLASS>DG</PRODUCT_CLASS>
    <VESSEL>KMTC QINGDAO</VESSEL>
    <VOYAGE>1906N</VOYAGE>
    <REFERENCE_6>NA</REFERENCE_6>
    <BOOKING_REF_NO>KMDUSG00246588</BOOKING_REF_NO>
    <TOTAL_QTY>80</TOTAL_QTY>
    <TOTAL_GROSS_WEIGHT>14400</TOTAL_GROSS_WEIGHT>
    <TOTAL_NET_WEIGHT>14400</TOTAL_NET_WEIGHT>
    <COMPLETED_DATE>2019-06-11T12:00:00+05:30</COMPLETED_DATE>
    <BESP_ID_2>KMTC</BESP_ID_2>
    <OPT_REF_GRN>TBC</OPT_REF_GRN>
    <OBL_NO>NA</OBL_NO>
    <HOUSE_BL_NO>NA</HOUSE_BL_NO>
    <POL>SGSIN</POL>
    <POD>CNHUN</POD>
    <BESP_DESC>KMTC (SINGAPORE) PRIVATE LIMITED</BESP_DESC>
    <OPT_REF_GRN_DESC>TBC TRANSPORTATION &amp; TRADING PTE LTD</OPT_REF_GRN_DESC>
    <POD_DESC>HUANGPU NEW PORT, CHINA</POD_DESC>
    <POL_DESC>SINGAPORE, SINGAPORE</POL_DESC>
    <BESP_ID_DESC>Not Applicable</BESP_ID_DESC>
    <BESP_ID>NA</BESP_ID>
    <INSTRUCTION>**CHINA SHIPMENT - 4L GHS LABEL**
**RELABEL TO 4L GHS**
1. Paste DG stickers on the container -  IMCO  8, 3 / UN 1604.
2. Please check batch label and GHS labels are correct.
3. Make sure ALL drums are  pasted NEW GHS labels
4. Paste  MSDS on the inner side of the container door.
5. ALL LABELS MUST HAVE CHINESE PRODUCT NAME - CHINA SHIPMENT.
6. Please take CLEAR photo of UN marking and GHS labels</INSTRUCTION>
    <PLAN_PUTAWAY_REMARKS>NA</PLAN_PUTAWAY_REMARKS>
    <ALOC_BY>BATCH</ALOC_BY>
    <BESTC_ID>100</BESTC_ID>
    <PO_NO>1941500</PO_NO>
    <DN_NO>72706785</DN_NO>
    <SHIPMENT_NO>2605077</SHIPMENT_NO>
    <BEWH_ID>BERTSCHIJICC</BEWH_ID>
    <BESTORE_ID>NA</BESTORE_ID>
    <FOOTERTOTAL_QTY>80</FOOTERTOTAL_QTY>
    <FOOTERTOTAL_GROSS_WEIGHT>14400</FOOTERTOTAL_GROSS_WEIGHT>
    <FOOTERTOTAL_NET_WEIGHT>14400</FOOTERTOTAL_NET_WEIGHT>
    <PARTIAL_ALLOC_ALLOWED_FLAG>N</PARTIAL_ALLOC_ALLOWED_FLAG>
    <PARTIAL_PICK_ALLOWED_FLAG>N</PARTIAL_PICK_ALLOWED_FLAG>
    <DB_ROW_COUNT>7</DB_ROW_COUNT>
  </Table>
  <Table>
    <WO_ID>OHMS194455</WO_ID>
    <TRANS_DATE>2019-05-30T12:00:00+05:30</TRANS_DATE>
    <TRANS_TYPE>OUTGOING</TRANS_TYPE>
    <INV_CUS_ID>HUNTSM</INV_CUS_ID>
    <BEDC_ID>BERTSCHIJICC</BEDC_ID>
    <TRANS_STATUS>FF</TRANS_STATUS>
    <BETRNT_ID>OUT</BETRNT_ID>
    <BECUR_ID>SGD</BECUR_ID>
    <CONTRACT_ID>QTNR00000022</CONTRACT_ID>
    <EXT_SYS_REF_NO>1941880</EXT_SYS_REF_NO>
    <PRINT_STATUS>N</PRINT_STATUS>
    <PROCESS_STATUS>COMPLETED</PROCESS_STATUS>
    <CREATED_ON>2019-05-30T10:19:19+05:30</CREATED_ON>
    <CREATED_BY>PATRINA</CREATED_BY>
    <CREATED_AT>SINPC011</CREATED_AT>
    <MODIFIED_ON>2019-06-04T08:57:06+05:30</MODIFIED_ON>
    <MODIFIED_BY>SHIRUI</MODIFIED_BY>
    <MODIFIED_AT>SINPC003</MODIFIED_AT>
    <DOCUMENT_ATTACHED>N</DOCUMENT_ATTACHED>
    <MODE_OF_TRANSPORT>BY SEA</MODE_OF_TRANSPORT>
    <DEMURRAGE>0</DEMURRAGE>
    <DETENTION>0</DETENTION>
    <TYPE_OF_TRANSPORT>EXPORT</TYPE_OF_TRANSPORT>
    <NO_OF_TRANSPORT>0</NO_OF_TRANSPORT>
    <CUST_NAME>HUNTSMAN (SINGAPORE) PTE LTD</CUST_NAME>
    <WAREHOUSE_DESC>BERTSCHIJICC</WAREHOUSE_DESC>
    <EXPECTED_DATE>2019-05-31T00:00:00+05:30</EXPECTED_DATE>
    <BECTY_ID>SG</BECTY_ID>
    <BECTYL_ID>JICC</BECTYL_ID>
    <BEDEP_ID>NA</BEDEP_ID>
    <RENT_END_DATE>2018-12-14T19:25:40+05:30</RENT_END_DATE>
    <STRG_CONTRACT_ID>QTNS00000015</STRG_CONTRACT_ID>
    <BILLING_STATUS>COMPLETED</BILLING_STATUS>
    <COUNTRY_DESC>SINGAPORE</COUNTRY_DESC>
    <CTYLOC_DESC>JICC</CTYLOC_DESC>
    <DEP_DESC>Not Applicable</DEP_DESC>
    <PERFORMED_YN>N</PERFORMED_YN>
    <REFERENCE_8>NA</REFERENCE_8>
    <BECONG_ID>HUNTSMANADV</BECONG_ID>
    <TRANSPORT_STATUS>PENDING</TRANSPORT_STATUS>
    <REFERENCE_NO_1>0</REFERENCE_NO_1>
    <REFERENCE_NO_2>0</REFERENCE_NO_2>
    <REFERENCE_NO_3>0</REFERENCE_NO_3>
    <ORDER_NO>NA</ORDER_NO>
    <EMPTY_CONTAINER_ARRIVAL>5/31/2019 12:00:00 AM</EMPTY_CONTAINER_ARRIVAL>
    <LOADING_METHOD>PALLETIZED</LOADING_METHOD>
    <FUMIGATION_FLAG>NA</FUMIGATION_FLAG>
    <INTERNAL_REF>72704228</INTERNAL_REF>
    <OWNER_NAME>HUNTSMAN ADVANCED MATERIALS (GUANGDONG) CO LTD</OWNER_NAME>
    <ETD_DATE>2019-06-05T00:00:00+05:30</ETD_DATE>
    <ETA_DATE>2019-06-05T00:00:00+05:30</ETA_DATE>
    <ISSUED_DATE>2019-06-03T00:00:00+05:30</ISSUED_DATE>
    <BRAND_ID>NORMAL CLASS</BRAND_ID>
    <PRODUCT_CLASS>DG</PRODUCT_CLASS>
    <VESSEL>KOTA MACHAN</VESSEL>
    <VOYAGE>0023E</VOYAGE>
    <REFERENCE_6>NA</REFERENCE_6>
    <BOOKING_REF_NO>PILUSIN901406500</BOOKING_REF_NO>
    <TOTAL_QTY>54</TOTAL_QTY>
    <TOTAL_GROSS_WEIGHT>50868</TOTAL_GROSS_WEIGHT>
    <TOTAL_NET_WEIGHT>50868</TOTAL_NET_WEIGHT>
    <COMPLETED_DATE>2019-06-04T00:00:00+05:30</COMPLETED_DATE>
    <BESP_ID_2>PIL</BESP_ID_2>
    <OPT_REF_GRN>TBC</OPT_REF_GRN>
    <OBL_NO>NA</OBL_NO>
    <HOUSE_BL_NO>NA</HOUSE_BL_NO>
    <POL>SGSIN</POL>
    <POD>CNNSA</POD>
    <BESP_DESC>PACIFIC INTERNATIONAL LINES PTE LTD</BESP_DESC>
    <OPT_REF_GRN_DESC>TBC TRANSPORTATION &amp; TRADING PTE LTD</OPT_REF_GRN_DESC>
    <POD_DESC>NANSHA, CHINA</POD_DESC>
    <POL_DESC>SINGAPORE, SINGAPORE</POL_DESC>
    <BESP_ID_DESC>Not Applicable</BESP_ID_DESC>
    <BESP_ID>NA</BESP_ID>
    <INSTRUCTION>**CHINA SHIPMENT - ALL GHS LABELS MUST BE LATEST 4L GHS LABEL**
*SHRINKWRAP*
1. Paste DG stickers on the container -  IMCO  8 / UN 2735.
2. Paste additional 1 standard GHS label on IBC.
3. Please check batch label and GHS labels are correct.
4. Make sure ALL IBCs pasted NEW GHS labels
5. Paste  MSDS on the inner side of the container door.
6. ALL LABELS MUST HAVE CHINESE PRODUCT NAME - CHINA SHIPMENT.
7. Please take CLEAR photo of UN marking and GHS labels</INSTRUCTION>
    <PLAN_PUTAWAY_REMARKS>NA</PLAN_PUTAWAY_REMARKS>
    <ALOC_BY>BATCH</ALOC_BY>
    <BESTC_ID>100</BESTC_ID>
    <PO_NO>1941880</PO_NO>
    <DN_NO>72704228</DN_NO>
    <SHIPMENT_NO>2602159</SHIPMENT_NO>
    <BEWH_ID>BERTSCHIJICC</BEWH_ID>
    <BESTORE_ID>NA</BESTORE_ID>
    <FOOTERTOTAL_QTY>18</FOOTERTOTAL_QTY>
    <FOOTERTOTAL_GROSS_WEIGHT>16956</FOOTERTOTAL_GROSS_WEIGHT>
    <FOOTERTOTAL_NET_WEIGHT>16956</FOOTERTOTAL_NET_WEIGHT>
    <PARTIAL_ALLOC_ALLOWED_FLAG>N</PARTIAL_ALLOC_ALLOWED_FLAG>
    <PARTIAL_PICK_ALLOWED_FLAG>N</PARTIAL_PICK_ALLOWED_FLAG>
    <DB_ROW_COUNT>7</DB_ROW_COUNT>
  </Table>
</NewDataSet>