<?xml version="1.0" standalone="yes"?>
<NewDataSet>
  <Table1>
    <Name>Praveen</Name>
    <UserName>cpj</UserName>
    <Password>11</Password>
  </Table1>
  <Table1>
    <Name>Smith</Name>
    <UserName>cpj3</UserName>
    <Password>113</Password>
  </Table1>
  <Table1>
    <Name>Praveen Raj</Name>
    <UserName>pr007</UserName>
    <Password>111</Password>
  </Table1>
  <Table1>
    <Name>Warner</Name>
    <UserName>cpj4</UserName>
    <Password>1144</Password>
  </Table1>
  <Table1>
    <Name>Praveen Jeeva</Name>
    <UserName>cpj2</UserName>
    <Password>22</Password>
  </Table1>
</NewDataSet>