<?xml version="1.0" standalone="yes"?>
<NewDataSet>
  <Users>
    <user_id>ADMIN</user_id>
    <user_name>Administrator</user_name>
    <password>LLvIm0lPrGPwHB05BepQZg==ivectorW1w4F33LgRo=endDES</password>
    <gender>MALE</gender>
    <birthdate>2015-04-29T21:30:00</birthdate>
    <address>NA1</address>
    <becty_id>NA</becty_id>
    <dep_id>NA</dep_id>
    <designation>NA</designation>
    <telephone />
    <telephone_mobile />
    <email_address>@gmail.com</email_address>
    <account_enabled>ENABLED</account_enabled>
    <lang_id>ENG</lang_id>
    <color_schema>GREEN</color_schema>
    <all_cus_enabled>N</all_cus_enabled>
    <all_war_enabled>N</all_war_enabled>
    <bo_required>N</bo_required>
    <default_value_1 />
    <default_value_2 />
    <default_value_3 />
    <default_value_4 />
    <manager>ADMIN</manager>
    <domain_name />
    <valid_from>2015-07-31T21:30:00</valid_from>
    <valid_to>9999-12-30T00:00:00</valid_to>
    <shop_required>Y</shop_required>
    <last_reset_date>2021-06-07T18:31:41</last_reset_date>
    <last_login_date>2021-08-27T17:27:18</last_login_date>
    <delmark>N</delmark>
    <gw_status>SENT</gw_status>
    <data_source />
    <created_at>GURUSOFT</created_at>
    <created_by>ADMIN</created_by>
    <created_on>2015-03-12T21:30:00</created_on>
    <modified_at>WEB</modified_at>
    <modified_by>WEB</modified_by>
    <modified_on>2021-08-27T17:27:18</modified_on>
    <dc_required>Y</dc_required>
    <admin_account>Y</admin_account>
    <Reason />
    <InvalidLoginAttempt>0</InvalidLoginAttempt>
    <chg_pwd_first_login>N</chg_pwd_first_login>
    <store_type>MAINSTORE</store_type>
  </Users>
  <Application>
    <user_id>ADMIN</user_id>
    <app_type_id>WINDOWS</app_type_id>
    <app_id>PRDG11EISV02WD</app_id>
    <default_Application />
    <reference_no_1>0</reference_no_1>
    <access_status>ENABLED</access_status>
    <app_name>Vision 11 Enterprise Intelligence System</app_name>
    <user_name>Administrator</user_name>
  </Application>
  <Application>
    <user_id>ADMIN</user_id>
    <app_type_id>REPORT</app_type_id>
    <app_id>PRDG11EISV02WDREPORT</app_id>
    <default_Application />
    <reference_no_1>0</reference_no_1>
    <access_status>ENABLED</access_status>
    <app_name>Vision 11 Enterprise Intelligence System Reports</app_name>
    <user_name>Administrator</user_name>
  </Application>
  <Application>
    <user_id>ADMIN</user_id>
    <app_type_id>WINDOWS</app_type_id>
    <app_id>MyApplicationServerR1V2</app_id>
    <default_Application />
    <reference_no_1>0</reference_no_1>
    <access_status>ENABLED</access_status>
    <app_name>HIGHLY CONFIGURABLE SYSTEM LOCAL</app_name>
    <user_name>Administrator</user_name>
  </Application>
  <Application>
    <user_id>ADMIN</user_id>
    <app_type_id>MOBILE</app_type_id>
    <app_id>PRDG11EISV02_MOBILE</app_id>
    <default_Application />
    <reference_no_1>0</reference_no_1>
    <access_status>ENABLED</access_status>
    <app_name>Vision 11 Enterprise Intelligence System Mobile</app_name>
    <user_name>Administrator</user_name>
  </Application>
  <Application>
    <user_id>ADMIN</user_id>
    <app_type_id>WINDOWS</app_type_id>
    <app_id>PRDG11EISV02WB</app_id>
    <default_Application />
    <reference_no_1>0</reference_no_1>
    <access_status>ENABLED</access_status>
    <app_name>Vision 11 Enterprise Intelligence System</app_name>
    <user_name>Administrator</user_name>
  </Application>
  <BusinessEntities>
    <be_id>NLBSG</be_id>
    <user_id>ADMIN</user_id>
    <default_be_id />
    <access_status>ENABLED</access_status>
    <delmark>N</delmark>
    <name>NLB Singapore Pte Ltd.</name>
    <short_name>NLB Singapore Pte Ltd.</short_name>
    <cs_key />
    <user_name>Administrator</user_name>
  </BusinessEntities>
  <Distributioncenters>
    <be_id>NLBSG</be_id>
    <dc_id>NLB</dc_id>
    <user_id>ADMIN</user_id>
    <access_status>ENABLED</access_status>
    <delmark>N</delmark>
  </Distributioncenters>
  <Passwordsettings>
    <id>ADMIN</id>
    <min_password_length>5</min_password_length>
    <max_password_length>15</max_password_length>
    <complexity_type>PASSWORD SHOULD NOT CONTAIN USER ID;LOWERCASE CHARACTERS;</complexity_type>
    <multiple_sessions>10000</multiple_sessions>
    <mul_sessions_from_diff_pc>Y</mul_sessions_from_diff_pc>
    <session_time_out>60</session_time_out>
    <incative_time_limit>120</incative_time_limit>
    <pwd_expiry_days>90</pwd_expiry_days>
    <no_of_previous_password>7</no_of_previous_password>
    <max_number_of_retry>5</max_number_of_retry>
    <chg_pwd_first_login>Y</chg_pwd_first_login>
    <no_of_days_to_disabled>30</no_of_days_to_disabled>
    <default_domain>GSIPTELTD</default_domain>
    <alphanumeric_pattern>N</alphanumeric_pattern>
  </Passwordsettings>
  <ErrorResult>
    <Result>SUCCESS</Result>
    <error_code>APMSG734</error_code>
    <error_msg>ERROR</error_msg>
    <error_details>The exception that is thrown when there is an attempt to dereference a null object reference.</error_details>
  </ErrorResult>
</NewDataSet>