{
  "Admins": [
    "234567"
  ],
  "ApiKey": "Text",
  "mainLog": "syslog.log",
  "UseSeparateProcesses": "false",
  "AutoStartAllBots": "true",
  "Bots": [
    {
      "Username": "BOT USERNAME",
      "Password": "new password modified",
      "DisplayName": "TestBot",
      "Backpack": "",
      "ChatResponse": "Hi there bro",
      "logFile": "TestBot.log",
      "BotControlClass": "Text",
      "MaximumTradeTime": 180,
      "MaximumActionGap": 30,
      "DisplayNamePrefix": "[AutomatedBot] ",
      "TradePollingInterval": 800,
      "LogLevel": "Success",
      "AutoStart": "true"
    }
  ]
}