<?xml version="1.0" standalone="yes"?>
<User_DataSet>
  <xs:schema id="User_DataSet" xmlns="" xmlns:xs="http://www.w3.org/2001/XMLSchema" xmlns:msdata="urn:schemas-microsoft-com:xml-msdata">
    <xs:element name="User_DataSet" msdata:IsDataSet="true" msdata:MainDataTable="User_DataTable" msdata:UseCurrentLocale="true">
      <xs:complexType>
        <xs:choice minOccurs="0" maxOccurs="unbounded">
          <xs:element name="User_DataTable">
            <xs:complexType>
              <xs:sequence>
                <xs:element name="Name" type="xs:string" minOccurs="0" />
                <xs:element name="Mail" type="xs:string" minOccurs="0" />
                <xs:element name="Username" type="xs:string" minOccurs="0" />
                <xs:element name="Password" type="xs:string" minOccurs="0" />
              </xs:sequence>
            </xs:complexType>
          </xs:element>
        </xs:choice>
      </xs:complexType>
    </xs:element>
  </xs:schema>
  <User_DataTable>
    <Name>wwew</Name>
    <Mail>eww</Mail>
    <Username>wew</Username>
    <Password>wew</Password>
  </User_DataTable>
</User_DataSet>