<?xml version="1.0" standalone="yes"?>
<NewDataSet>
  <xs:schema id="NewDataSet" xmlns="" xmlns:xs="http://www.w3.org/2001/XMLSchema" xmlns:msdata="urn:schemas-microsoft-com:xml-msdata">
    <xs:element name="NewDataSet" msdata:IsDataSet="true" msdata:MainDataTable="Table1" msdata:UseCurrentLocale="true">
      <xs:complexType>
        <xs:choice minOccurs="0" maxOccurs="unbounded">
          <xs:element name="Table1">
            <xs:complexType>
              <xs:sequence>
                <xs:element name="Name" type="xs:string" minOccurs="0" />
                <xs:element name="Username" type="xs:string" minOccurs="0" />
                <xs:element name="Password" type="xs:string" minOccurs="0" />
              </xs:sequence>
            </xs:complexType>
          </xs:element>
        </xs:choice>
      </xs:complexType>
    </xs:element>
  </xs:schema>
  <Table1>
    <Name>Smith</Name>
    <Username>cpj3</Username>
    <Password>33</Password>
  </Table1>
  <Table1>
    <Name>Jeeva</Name>
    <Username>cpj2</Username>
    <Password>22</Password>
  </Table1>
  <Table1>
    <Name>Praveen</Name>
    <Username>cpj</Username>
    <Password>11</Password>
  </Table1>
</NewDataSet>