<?xml version="1.0" standalone="yes"?>
<NewDataSet>
  <Table1>
    <Name>newName</Name>
    <Username>new</Username>
    <Password>11</Password>
  </Table1>
  <Table1>
    <Name>Test</Name>
    <Username>cpj5</Username>
    <Password>55</Password>
  </Table1>
  <Table1>
    <Name>Starc</Name>
    <Username>cpj4</Username>
    <Password>44</Password>
  </Table1>
  <Table1>
    <Name>Smith</Name>
    <Username>cpj3</Username>
    <Password>33</Password>
  </Table1>
  <Table1>
    <Name>Jeeva</Name>
    <Username>cpj2</Username>
    <Password>22</Password>
  </Table1>
  <Table1>
    <Name>Praveen</Name>
    <Username>cpj</Username>
    <Password>11</Password>
  </Table1>
</NewDataSet>