<?xml version="1.0" standalone="yes"?>
<NewDataSet>
  <Table1>
    <Name>Praveen</Name>
    <Username>cpj</Username>
    <Password>11</Password>
  </Table1>
  <Table1>
    <Name>Smith</Name>
    <Username>cpj3</Username>
    <Password>113</Password>
  </Table1>
  <Table1>
    <Name>Praveen Raj</Name>
    <Username>pr007</Username>
    <Password>11</Password>
  </Table1>
  <Table1>
    <Name>Warner</Name>
    <Username>cpj4</Username>
    <Password>1144</Password>
  </Table1>
  <Table1>
    <Name>Praveen Jeeva</Name>
    <Username>cpj2</Username>
    <Password>112</Password>
  </Table1>
</NewDataSet>