<?xml version="1.0" standalone="yes"?>
<NewDataSet>
  <xs:schema id="NewDataSet" xmlns="" xmlns:xs="http://www.w3.org/2001/XMLSchema" xmlns:msdata="urn:schemas-microsoft-com:xml-msdata">
    <xs:element name="NewDataSet" msdata:IsDataSet="true" msdata:UseCurrentLocale="true">
      <xs:complexType>
        <xs:choice minOccurs="0" maxOccurs="unbounded">
          <xs:element name="Table">
            <xs:complexType>
              <xs:sequence>
                <xs:element name="BE_ID" type="xs:string" minOccurs="0" />
                <xs:element name="WO_ID" type="xs:string" minOccurs="0" />
                <xs:element name="TRANS_DATE" type="xs:string" minOccurs="0" />
                <xs:element name="TRANS_TYPE" type="xs:string" minOccurs="0" />
                <xs:element name="TRANS_STATUS" type="xs:string" minOccurs="0" />
                <xs:element name="PROCESS_STATUS" type="xs:string" minOccurs="0" />
                <xs:element name="BECONG_ID" type="xs:string" minOccurs="0" />
                <xs:element name="BEPRIM_ID" type="xs:string" minOccurs="0" />
                <xs:element name="BERS_ID" type="xs:string" minOccurs="0" />
                <xs:element name="FROM_BESERPO_ID" type="xs:string" minOccurs="0" />
                <xs:element name="BECUR_ID" type="xs:string" minOccurs="0" />
                <xs:element name="INV_CUS_ID" type="xs:string" minOccurs="0" />
                <xs:element name="TO_BESERPO_ID" type="xs:string" minOccurs="0" />
                <xs:element name="BESUP_ID" type="xs:string" minOccurs="0" />
                <xs:element name="BESP_ID" type="xs:string" minOccurs="0" />
                <xs:element name="BESAL_ID" type="xs:string" minOccurs="0" />
                <xs:element name="BEDISM_ID" type="xs:string" minOccurs="0" />
                <xs:element name="BETRNT_BETRN_ID" type="xs:string" minOccurs="0" />
                <xs:element name="BETRNT_ID" type="xs:string" minOccurs="0" />
                <xs:element name="STORAGE_FLAG" type="xs:string" minOccurs="0" />
                <xs:element name="ETA_DATE" type="xs:string" minOccurs="0" />
                <xs:element name="ETD_DATE" type="xs:string" minOccurs="0" />
                <xs:element name="ATTN_TO" type="xs:string" minOccurs="0" />
                <xs:element name="COPY_TO" type="xs:string" minOccurs="0" />
                <xs:element name="VESSEL" type="xs:string" minOccurs="0" />
                <xs:element name="VOYAGE" type="xs:string" minOccurs="0" />
                <xs:element name="COMPLETED_DATE" type="xs:string" minOccurs="0" />
                <xs:element name="EXPECTED_DATE" type="xs:string" minOccurs="0" />
                <xs:element name="PRIORITY" type="xs:string" minOccurs="0" />
                <xs:element name="EXRATE" type="xs:string" minOccurs="0" />
                <xs:element name="REFERENCE_10" type="xs:string" minOccurs="0" />
                <xs:element name="PRINT_STATUS" type="xs:string" minOccurs="0" />
                <xs:element name="PRINTED_BY" type="xs:string" minOccurs="0" />
                <xs:element name="TRANS_MSG" type="xs:string" minOccurs="0" />
                <xs:element name="POSTED" type="xs:string" minOccurs="0" />
                <xs:element name="EXT_SYS_REF_BE_ID" type="xs:string" minOccurs="0" />
                <xs:element name="WO_ID_1" type="xs:string" minOccurs="0" />
                <xs:element name="WF_END_TYPE" type="xs:string" minOccurs="0" />
                <xs:element name="BECTYL_ID" type="xs:string" minOccurs="0" />
                <xs:element name="BERS_ID_1" type="xs:string" minOccurs="0" />
                <xs:element name="BEDC_ID" type="xs:string" minOccurs="0" />
                <xs:element name="BECDA_ID" type="xs:string" minOccurs="0" />
                <xs:element name="BECBA_ID" type="xs:string" minOccurs="0" />
                <xs:element name="DELIVERY_NAME" type="xs:string" minOccurs="0" />
                <xs:element name="DELIVERY_ADDRESS" type="xs:string" minOccurs="0" />
                <xs:element name="DELIVERY_TELEPHONE" type="xs:string" minOccurs="0" />
                <xs:element name="DELIVERY_CITY" type="xs:string" minOccurs="0" />
                <xs:element name="DELIVERY_ZIP_CODE" type="xs:string" minOccurs="0" />
                <xs:element name="BECTY_ID" type="xs:string" minOccurs="0" />
                <xs:element name="BILLING_ZIP_CODE" type="xs:string" minOccurs="0" />
                <xs:element name="BILLING_CITY" type="xs:string" minOccurs="0" />
                <xs:element name="ISSUED_DATE" type="xs:string" minOccurs="0" />
                <xs:element name="BILLING_NAME" type="xs:string" minOccurs="0" />
                <xs:element name="BILLING_ADDRESS" type="xs:string" minOccurs="0" />
                <xs:element name="BILLING_TELEPHONE" type="xs:string" minOccurs="0" />
                <xs:element name="APPROVAL_STATUS" type="xs:string" minOccurs="0" />
                <xs:element name="BATCH_NO" type="xs:string" minOccurs="0" />
                <xs:element name="NET_SELLING_PRICE" type="xs:string" minOccurs="0" />
                <xs:element name="BETE_ID" type="xs:string" minOccurs="0" />
                <xs:element name="BETE_ID_1" type="xs:string" minOccurs="0" />
                <xs:element name="CONTRACT_ID" type="xs:string" minOccurs="0" />
                <xs:element name="OBL_NO" type="xs:string" minOccurs="0" />
                <xs:element name="HOUSE_BL_NO" type="xs:string" minOccurs="0" />
                <xs:element name="POL" type="xs:string" minOccurs="0" />
                <xs:element name="POD" type="xs:string" minOccurs="0" />
                <xs:element name="BOOKING_REF_NO" type="xs:string" minOccurs="0" />
                <xs:element name="BESP_ID_1" type="xs:string" minOccurs="0" />
                <xs:element name="STOCK_RES_ID" type="xs:string" minOccurs="0" />
                <xs:element name="BESP_ID_2" type="xs:string" minOccurs="0" />
                <xs:element name="STUFFING_REMARKS" type="xs:string" minOccurs="0" />
                <xs:element name="COLLECTION_ORDER_REMARKS" type="xs:string" minOccurs="0" />
                <xs:element name="TRUCKING_PLAN_REMARKS" type="xs:string" minOccurs="0" />
                <xs:element name="DIRECT_GRN" type="xs:string" minOccurs="0" />
                <xs:element name="PACKING_INSTRUCTION" type="xs:string" minOccurs="0" />
                <xs:element name="STUFFING_INSTRUCTION" type="xs:string" minOccurs="0" />
                <xs:element name="COLLECTION_ORDER_INSTRUCTION" type="xs:string" minOccurs="0" />
                <xs:element name="TRUCKING_PLAN_INSTRUCTION" type="xs:string" minOccurs="0" />
                <xs:element name="PLAN_PUTAWAY_INSTRUCTION" type="xs:string" minOccurs="0" />
                <xs:element name="CARGO_CHECK_REMARKS" type="xs:string" minOccurs="0" />
                <xs:element name="CARGO_CHECK_INSTRUCTION" type="xs:string" minOccurs="0" />
                <xs:element name="PACKING_ATTENTION" type="xs:string" minOccurs="0" />
                <xs:element name="PACKING_CC" type="xs:string" minOccurs="0" />
                <xs:element name="KIV_STATUS" type="xs:string" minOccurs="0" />
                <xs:element name="REFERENCE_2" type="xs:string" minOccurs="0" />
                <xs:element name="REFERENCE_8" type="xs:string" minOccurs="0" />
                <xs:element name="REFERENCE_NO_1" type="xs:string" minOccurs="0" />
                <xs:element name="REFERENCE_NO_2" type="xs:string" minOccurs="0" />
                <xs:element name="REFERENCE_NO_3" type="xs:string" minOccurs="0" />
                <xs:element name="GW_STATUS" type="xs:string" minOccurs="0" />
                <xs:element name="DATA_SOURCE" type="xs:string" minOccurs="0" />
                <xs:element name="CREATED_AT" type="xs:string" minOccurs="0" />
                <xs:element name="CREATED_BY" type="xs:string" minOccurs="0" />
                <xs:element name="CREATED_ON" type="xs:string" minOccurs="0" />
                <xs:element name="MODIFIED_AT" type="xs:string" minOccurs="0" />
                <xs:element name="MODIFIED_BY" type="xs:string" minOccurs="0" />
                <xs:element name="MODIFIED_ON" type="xs:string" minOccurs="0" />
                <xs:element name="DOCUMENT_ATTACHED" type="xs:string" minOccurs="0" />
                <xs:element name="EMAIL_ACK_STATUS" type="xs:string" minOccurs="0" />
                <xs:element name="BILLING_STATUS" type="xs:string" minOccurs="0" />
                <xs:element name="BEDEP_ID" type="xs:string" minOccurs="0" />
                <xs:element name="SYS_STAMP" type="xs:string" minOccurs="0" />
                <xs:element name="MODE_OF_TRANSPORT" type="xs:string" minOccurs="0" />
                <xs:element name="DEMURRAGE" type="xs:string" minOccurs="0" />
                <xs:element name="DETENTION" type="xs:string" minOccurs="0" />
                <xs:element name="TYPE_OF_TRANSPORT" type="xs:string" minOccurs="0" />
                <xs:element name="NO_OF_TRANSPORT" type="xs:string" minOccurs="0" />
                <xs:element name="STRG_CONTRACT_ID" type="xs:string" minOccurs="0" />
                <xs:element name="SEQ_TYPE" type="xs:string" minOccurs="0" />
                <xs:element name="TRANSPORT_STATUS" type="xs:string" minOccurs="0" />
                <xs:element name="UNLOADING_METHOD" type="xs:string" minOccurs="0" />
                <xs:element name="CONFIRM_DATE" type="xs:string" minOccurs="0" />
                <xs:element name="PERMIT_NO" type="xs:string" minOccurs="0" />
                <xs:element name="PRODUCT_CLASS" type="xs:string" minOccurs="0" />
                <xs:element name="TOTAL_QTY" type="xs:string" minOccurs="0" />
                <xs:element name="TOTAL_GROSS_WEIGHT" type="xs:string" minOccurs="0" />
                <xs:element name="TOTAL_NET_WEIGHT" type="xs:string" minOccurs="0" />
                <xs:element name="BESTORE_ID" type="xs:string" minOccurs="0" />
                <xs:element name="BEWH_ID" type="xs:string" minOccurs="0" />
                <xs:element name="PO_NO" type="xs:string" minOccurs="0" />
                <xs:element name="DN_NO" type="xs:string" minOccurs="0" />
                <xs:element name="SHIPMENT_NO" type="xs:string" minOccurs="0" />
                <xs:element name="SYSTEM_SEQ_NO" type="xs:string" minOccurs="0" />
                <xs:element name="CUST_NAME" type="xs:string" minOccurs="0" />
                <xs:element name="SUPPLIER_NAME" type="xs:string" minOccurs="0" />
                <xs:element name="BESP_ID_DESC" type="xs:string" minOccurs="0" />
                <xs:element name="WAREHOUSE_DESC" type="xs:string" minOccurs="0" />
                <xs:element name="CTYLOC_DESC" type="xs:string" minOccurs="0" />
                <xs:element name="DEP_DESC" type="xs:string" minOccurs="0" />
                <xs:element name="SP_DESC_1" type="xs:string" minOccurs="0" />
                <xs:element name="BESP_DESC" type="xs:string" minOccurs="0" />
                <xs:element name="COUNTRY_DESC" type="xs:string" minOccurs="0" />
                <xs:element name="POL_DESC" type="xs:string" minOccurs="0" />
                <xs:element name="POD_DESC" type="xs:string" minOccurs="0" />
                <xs:element name="JOB_TO_GRN_STATUS" type="xs:string" minOccurs="0" />
                <xs:element name="OWNER_NAME" type="xs:string" minOccurs="0" />
                <xs:element name="FOOTERTOTAL_QTY" type="xs:string" minOccurs="0" />
                <xs:element name="FOOTERTOTAL_GROSS_WEIGHT" type="xs:string" minOccurs="0" />
                <xs:element name="FOOTERTOTAL_NET_WEIGHT" type="xs:string" minOccurs="0" />
                <xs:element name="DB_ROW_COUNT" type="xs:string" minOccurs="0" />
              </xs:sequence>
            </xs:complexType>
          </xs:element>
        </xs:choice>
      </xs:complexType>
    </xs:element>
  </xs:schema>
  <Table>
    <BE_ID>BSPL</BE_ID>
    <WO_ID>IGST210144</WO_ID>
    <TRANS_DATE>2021-05-18T10:46:07+05:30</TRANS_DATE>
    <TRANS_TYPE>INCOMING</TRANS_TYPE>
    <TRANS_STATUS>FF</TRANS_STATUS>
    <PROCESS_STATUS>COMPLETED</PROCESS_STATUS>
    <BECONG_ID>0000702966</BECONG_ID>
    <BEPRIM_ID>NA</BEPRIM_ID>
    <BERS_ID>NA</BERS_ID>
    <FROM_BESERPO_ID>NA</FROM_BESERPO_ID>
    <BECUR_ID>SGD</BECUR_ID>
    <INV_CUS_ID>GURUSOFT_TEST_1</INV_CUS_ID>
    <TO_BESERPO_ID>NA</TO_BESERPO_ID>
    <BESUP_ID>NA</BESUP_ID>
    <BESP_ID>NA</BESP_ID>
    <BESAL_ID>NA</BESAL_ID>
    <BEDISM_ID>NA</BEDISM_ID>
    <BETRNT_BETRN_ID>WO</BETRNT_BETRN_ID>
    <BETRNT_ID>IN</BETRNT_ID>
    <STORAGE_FLAG>N</STORAGE_FLAG>
    <ETA_DATE>2021-03-19T00:00:00+05:30</ETA_DATE>
    <ETD_DATE>2021-03-19T00:00:00+05:30</ETD_DATE>
    <ATTN_TO>NA</ATTN_TO>
    <COPY_TO>NA</COPY_TO>
    <VESSEL>VESSEL</VESSEL>
    <VOYAGE>VOYAGE</VOYAGE>
    <COMPLETED_DATE>2021-05-18T10:52:46+05:30</COMPLETED_DATE>
    <EXPECTED_DATE>2021-03-19T10:29:57+05:30</EXPECTED_DATE>
    <PRIORITY>1</PRIORITY>
    <EXRATE>0</EXRATE>
    <REFERENCE_10>NA</REFERENCE_10>
    <PRINT_STATUS>N</PRINT_STATUS>
    <PRINTED_BY>NA</PRINTED_BY>
    <TRANS_MSG>OPEN</TRANS_MSG>
    <POSTED>N</POSTED>
    <EXT_SYS_REF_BE_ID>NA</EXT_SYS_REF_BE_ID>
    <WO_ID_1>NA</WO_ID_1>
    <WF_END_TYPE>NA</WF_END_TYPE>
    <BECTYL_ID>JICC</BECTYL_ID>
    <BERS_ID_1>NA</BERS_ID_1>
    <BEDC_ID>BERTSCHIJICC</BEDC_ID>
    <BECDA_ID>NA</BECDA_ID>
    <BECBA_ID>NA</BECBA_ID>
    <DELIVERY_NAME>NA</DELIVERY_NAME>
    <DELIVERY_ADDRESS>NA</DELIVERY_ADDRESS>
    <DELIVERY_TELEPHONE>NA</DELIVERY_TELEPHONE>
    <DELIVERY_CITY>NA</DELIVERY_CITY>
    <DELIVERY_ZIP_CODE>NA</DELIVERY_ZIP_CODE>
    <BECTY_ID>SG</BECTY_ID>
    <BILLING_ZIP_CODE>NA</BILLING_ZIP_CODE>
    <BILLING_CITY>NA</BILLING_CITY>
    <ISSUED_DATE>2021-03-21T00:00:00+05:30</ISSUED_DATE>
    <BILLING_NAME>NA</BILLING_NAME>
    <BILLING_ADDRESS>NA</BILLING_ADDRESS>
    <BILLING_TELEPHONE>NA</BILLING_TELEPHONE>
    <APPROVAL_STATUS>NOT REQUIRED</APPROVAL_STATUS>
    <BATCH_NO>NA</BATCH_NO>
    <NET_SELLING_PRICE>0</NET_SELLING_PRICE>
    <BETE_ID>NA</BETE_ID>
    <BETE_ID_1>NA</BETE_ID_1>
    <CONTRACT_ID>NA</CONTRACT_ID>
    <OBL_NO>OBL</OBL_NO>
    <HOUSE_BL_NO>HBL</HOUSE_BL_NO>
    <POL>0003720214</POL>
    <POD>2</POD>
    <BOOKING_REF_NO>BRN</BOOKING_REF_NO>
    <BESP_ID_1>NA</BESP_ID_1>
    <STOCK_RES_ID>NA</STOCK_RES_ID>
    <BESP_ID_2>AEAJM</BESP_ID_2>
    <STUFFING_REMARKS>NA</STUFFING_REMARKS>
    <COLLECTION_ORDER_REMARKS>NA</COLLECTION_ORDER_REMARKS>
    <TRUCKING_PLAN_REMARKS>NA</TRUCKING_PLAN_REMARKS>
    <DIRECT_GRN>Y</DIRECT_GRN>
    <PACKING_INSTRUCTION>NA</PACKING_INSTRUCTION>
    <STUFFING_INSTRUCTION>NA</STUFFING_INSTRUCTION>
    <COLLECTION_ORDER_INSTRUCTION>NA</COLLECTION_ORDER_INSTRUCTION>
    <TRUCKING_PLAN_INSTRUCTION>NA</TRUCKING_PLAN_INSTRUCTION>
    <PLAN_PUTAWAY_INSTRUCTION>NA</PLAN_PUTAWAY_INSTRUCTION>
    <CARGO_CHECK_REMARKS>NA</CARGO_CHECK_REMARKS>
    <CARGO_CHECK_INSTRUCTION>NA</CARGO_CHECK_INSTRUCTION>
    <PACKING_ATTENTION>NA</PACKING_ATTENTION>
    <PACKING_CC>NA</PACKING_CC>
    <KIV_STATUS>OPEN</KIV_STATUS>
    <REFERENCE_2>IGST210144</REFERENCE_2>
    <REFERENCE_8>NA</REFERENCE_8>
    <REFERENCE_NO_1>0</REFERENCE_NO_1>
    <REFERENCE_NO_2>0</REFERENCE_NO_2>
    <REFERENCE_NO_3>0</REFERENCE_NO_3>
    <GW_STATUS>UNSEND</GW_STATUS>
    <DATA_SOURCE>COPY_FUNC</DATA_SOURCE>
    <CREATED_AT>GSI-DTP-15-003</CREATED_AT>
    <CREATED_BY>BALAJI</CREATED_BY>
    <CREATED_ON>2021-05-18T10:46:08+05:30</CREATED_ON>
    <MODIFIED_AT>GSI-DTP-15-003</MODIFIED_AT>
    <MODIFIED_BY>BALAJI</MODIFIED_BY>
    <MODIFIED_ON>2021-05-18T10:52:47+05:30</MODIFIED_ON>
    <DOCUMENT_ATTACHED>N</DOCUMENT_ATTACHED>
    <EMAIL_ACK_STATUS>UNSENT</EMAIL_ACK_STATUS>
    <BILLING_STATUS>PENDING</BILLING_STATUS>
    <BEDEP_ID>NA</BEDEP_ID>
    <SYS_STAMP>GSI-DTP-15-003BALAJI18-MAY-21 10.52.47.000000000 AM</SYS_STAMP>
    <MODE_OF_TRANSPORT>BY AIR</MODE_OF_TRANSPORT>
    <DEMURRAGE>3</DEMURRAGE>
    <DETENTION>2</DETENTION>
    <TYPE_OF_TRANSPORT>IMPORT</TYPE_OF_TRANSPORT>
    <NO_OF_TRANSPORT>0</NO_OF_TRANSPORT>
    <STRG_CONTRACT_ID>QTNS00000003</STRG_CONTRACT_ID>
    <SEQ_TYPE>I</SEQ_TYPE>
    <TRANSPORT_STATUS>PENDING</TRANSPORT_STATUS>
    <UNLOADING_METHOD>PALLETIZED</UNLOADING_METHOD>
    <CONFIRM_DATE>2021-03-19T10:29:57+05:30</CONFIRM_DATE>
    <PERMIT_NO>PN</PERMIT_NO>
    <PRODUCT_CLASS>DG</PRODUCT_CLASS>
    <TOTAL_QTY>64</TOTAL_QTY>
    <TOTAL_GROSS_WEIGHT>8890.52</TOTAL_GROSS_WEIGHT>
    <TOTAL_NET_WEIGHT>8890.52</TOTAL_NET_WEIGHT>
    <BESTORE_ID>WAREHOUSE</BESTORE_ID>
    <BEWH_ID>BERTSCHIJICC</BEWH_ID>
    <PO_NO>PO</PO_NO>
    <DN_NO>DN</DN_NO>
    <SHIPMENT_NO>SH</SHIPMENT_NO>
    <CUST_NAME>GURUSOFT_TEST_1</CUST_NAME>
    <SUPPLIER_NAME>Not Applicable</SUPPLIER_NAME>
    <BESP_ID_DESC>Not Applicable</BESP_ID_DESC>
    <WAREHOUSE_DESC>BERTSCHIJICC</WAREHOUSE_DESC>
    <CTYLOC_DESC>JICC</CTYLOC_DESC>
    <DEP_DESC>Not Applicable</DEP_DESC>
    <SP_DESC_1>GURUSOFT_TEST_1</SP_DESC_1>
    <BESP_DESC>AJMAN, UNITED ARAB EMIRATES</BESP_DESC>
    <COUNTRY_DESC>SINGAPORE</COUNTRY_DESC>
    <POL_DESC>LANXESS K.K</POL_DESC>
    <POD_DESC>QUIMIMPORT</POD_DESC>
    <JOB_TO_GRN_STATUS>N</JOB_TO_GRN_STATUS>
    <OWNER_NAME>JIANGSU CHANGQING (VIA SF)</OWNER_NAME>
    <FOOTERTOTAL_QTY>32</FOOTERTOTAL_QTY>
    <FOOTERTOTAL_GROSS_WEIGHT>4445.26</FOOTERTOTAL_GROSS_WEIGHT>
    <FOOTERTOTAL_NET_WEIGHT>4445.26</FOOTERTOTAL_NET_WEIGHT>
    <DB_ROW_COUNT>11778</DB_ROW_COUNT>
  </Table>
  <Table>
    <BE_ID>BSPL</BE_ID>
    <WO_ID>IHMS210143</WO_ID>
    <TRANS_DATE>2021-05-17T18:59:22+05:30</TRANS_DATE>
    <TRANS_TYPE>INCOMING</TRANS_TYPE>
    <TRANS_STATUS>UF</TRANS_STATUS>
    <PROCESS_STATUS>DRAFT</PROCESS_STATUS>
    <BECONG_ID>200494</BECONG_ID>
    <BEPRIM_ID>NA</BEPRIM_ID>
    <BERS_ID>NA</BERS_ID>
    <FROM_BESERPO_ID>NA</FROM_BESERPO_ID>
    <BECUR_ID>SGD</BECUR_ID>
    <INV_CUS_ID>HUNTSM</INV_CUS_ID>
    <TO_BESERPO_ID>NA</TO_BESERPO_ID>
    <BESUP_ID>NA</BESUP_ID>
    <BESP_ID>NA</BESP_ID>
    <BESAL_ID>NA</BESAL_ID>
    <BEDISM_ID>NA</BEDISM_ID>
    <BETRNT_BETRN_ID>WO</BETRNT_BETRN_ID>
    <BETRNT_ID>IN</BETRNT_ID>
    <STORAGE_FLAG>N</STORAGE_FLAG>
    <ETA_DATE>2021-03-26T00:00:00+05:30</ETA_DATE>
    <ETD_DATE>2021-03-26T00:00:00+05:30</ETD_DATE>
    <ATTN_TO>NA</ATTN_TO>
    <COPY_TO>NA</COPY_TO>
    <VESSEL>RTY</VESSEL>
    <VOYAGE>YERT</VOYAGE>
    <EXPECTED_DATE>2021-05-17T18:59:22+05:30</EXPECTED_DATE>
    <PRIORITY>1</PRIORITY>
    <EXRATE>0</EXRATE>
    <REFERENCE_10>NA</REFERENCE_10>
    <PRINT_STATUS>N</PRINT_STATUS>
    <PRINTED_BY>NA</PRINTED_BY>
    <TRANS_MSG>OPEN</TRANS_MSG>
    <POSTED>N</POSTED>
    <EXT_SYS_REF_BE_ID>NA</EXT_SYS_REF_BE_ID>
    <WO_ID_1>NA</WO_ID_1>
    <WF_END_TYPE>NA</WF_END_TYPE>
    <BECTYL_ID>JICC</BECTYL_ID>
    <BERS_ID_1>NA</BERS_ID_1>
    <BEDC_ID>BERTSCHIJICC</BEDC_ID>
    <BECDA_ID>NA</BECDA_ID>
    <BECBA_ID>NA</BECBA_ID>
    <DELIVERY_NAME>NA</DELIVERY_NAME>
    <DELIVERY_ADDRESS>NA</DELIVERY_ADDRESS>
    <DELIVERY_TELEPHONE>NA</DELIVERY_TELEPHONE>
    <DELIVERY_CITY>NA</DELIVERY_CITY>
    <DELIVERY_ZIP_CODE>NA</DELIVERY_ZIP_CODE>
    <BECTY_ID>SG</BECTY_ID>
    <BILLING_ZIP_CODE>NA</BILLING_ZIP_CODE>
    <BILLING_CITY>NA</BILLING_CITY>
    <ISSUED_DATE>2021-03-28T00:00:00+05:30</ISSUED_DATE>
    <BILLING_NAME>NA</BILLING_NAME>
    <BILLING_ADDRESS>NA</BILLING_ADDRESS>
    <BILLING_TELEPHONE>NA</BILLING_TELEPHONE>
    <APPROVAL_STATUS>NOT REQUIRED</APPROVAL_STATUS>
    <BATCH_NO>NA</BATCH_NO>
    <NET_SELLING_PRICE>0</NET_SELLING_PRICE>
    <BETE_ID>NA</BETE_ID>
    <BETE_ID_1>NA</BETE_ID_1>
    <CONTRACT_ID>QTNR00000022</CONTRACT_ID>
    <OBL_NO>FGH</OBL_NO>
    <HOUSE_BL_NO>TYRTUU</HOUSE_BL_NO>
    <POL>3104132</POL>
    <POD>3703240</POD>
    <BOOKING_REF_NO>FDGDFGHGHJGJ</BOOKING_REF_NO>
    <BESP_ID_1>NA</BESP_ID_1>
    <STOCK_RES_ID>NA</STOCK_RES_ID>
    <BESP_ID_2>ALSHG</BESP_ID_2>
    <STUFFING_REMARKS>NA</STUFFING_REMARKS>
    <COLLECTION_ORDER_REMARKS>NA</COLLECTION_ORDER_REMARKS>
    <TRUCKING_PLAN_REMARKS>NA</TRUCKING_PLAN_REMARKS>
    <DIRECT_GRN>Y</DIRECT_GRN>
    <PACKING_INSTRUCTION>NA</PACKING_INSTRUCTION>
    <STUFFING_INSTRUCTION>NA</STUFFING_INSTRUCTION>
    <COLLECTION_ORDER_INSTRUCTION>NA</COLLECTION_ORDER_INSTRUCTION>
    <TRUCKING_PLAN_INSTRUCTION>NA</TRUCKING_PLAN_INSTRUCTION>
    <PLAN_PUTAWAY_INSTRUCTION>NA</PLAN_PUTAWAY_INSTRUCTION>
    <CARGO_CHECK_REMARKS>NA</CARGO_CHECK_REMARKS>
    <CARGO_CHECK_INSTRUCTION>NA</CARGO_CHECK_INSTRUCTION>
    <PACKING_ATTENTION>NA</PACKING_ATTENTION>
    <PACKING_CC>NA</PACKING_CC>
    <KIV_STATUS>OPEN</KIV_STATUS>
    <REFERENCE_8>NA</REFERENCE_8>
    <REFERENCE_NO_1>0</REFERENCE_NO_1>
    <REFERENCE_NO_2>0</REFERENCE_NO_2>
    <REFERENCE_NO_3>0</REFERENCE_NO_3>
    <GW_STATUS>UNSEND</GW_STATUS>
    <DATA_SOURCE>APPLICATION</DATA_SOURCE>
    <CREATED_AT>GSI-DTP-18-001</CREATED_AT>
    <CREATED_BY>ADMIN</CREATED_BY>
    <CREATED_ON>2021-05-17T19:01:06+05:30</CREATED_ON>
    <MODIFIED_AT>GSI-DTP-18-001</MODIFIED_AT>
    <MODIFIED_BY>ADMIN</MODIFIED_BY>
    <MODIFIED_ON>2021-05-17T19:01:06+05:30</MODIFIED_ON>
    <DOCUMENT_ATTACHED>N</DOCUMENT_ATTACHED>
    <EMAIL_ACK_STATUS>UNSENT</EMAIL_ACK_STATUS>
    <BILLING_STATUS>PENDING</BILLING_STATUS>
    <BEDEP_ID>NA</BEDEP_ID>
    <SYS_STAMP>GSI-DTP-18-001ADMIN5/17/2021 7:01:06 PM</SYS_STAMP>
    <MODE_OF_TRANSPORT>BY LAND</MODE_OF_TRANSPORT>
    <DEMURRAGE>0</DEMURRAGE>
    <DETENTION>0</DETENTION>
    <TYPE_OF_TRANSPORT>IMPORT</TYPE_OF_TRANSPORT>
    <NO_OF_TRANSPORT>0</NO_OF_TRANSPORT>
    <STRG_CONTRACT_ID>NA</STRG_CONTRACT_ID>
    <SEQ_TYPE>I</SEQ_TYPE>
    <TRANSPORT_STATUS>PENDING</TRANSPORT_STATUS>
    <UNLOADING_METHOD>MIXED</UNLOADING_METHOD>
    <CONFIRM_DATE>2021-05-17T18:59:22+05:30</CONFIRM_DATE>
    <PERMIT_NO>WE5R</PERMIT_NO>
    <PRODUCT_CLASS>NONDG</PRODUCT_CLASS>
    <TOTAL_QTY>0</TOTAL_QTY>
    <TOTAL_GROSS_WEIGHT>0</TOTAL_GROSS_WEIGHT>
    <TOTAL_NET_WEIGHT>0</TOTAL_NET_WEIGHT>
    <BESTORE_ID>WAREHOUSE</BESTORE_ID>
    <BEWH_ID>BERTSCHIJICC</BEWH_ID>
    <PO_NO>DFS</PO_NO>
    <DN_NO>RTRYURYUYU</DN_NO>
    <SHIPMENT_NO>FGHGJTHJHK</SHIPMENT_NO>
    <SYSTEM_SEQ_NO>210500017267</SYSTEM_SEQ_NO>
    <CUST_NAME>HUNTSMAN (SINGAPORE) PTE LTD</CUST_NAME>
    <SUPPLIER_NAME>Not Applicable</SUPPLIER_NAME>
    <BESP_ID_DESC>Not Applicable</BESP_ID_DESC>
    <WAREHOUSE_DESC>BERTSCHIJICC</WAREHOUSE_DESC>
    <CTYLOC_DESC>JICC</CTYLOC_DESC>
    <DEP_DESC>Not Applicable</DEP_DESC>
    <SP_DESC_1>HUNTSMAN (SINGAPORE) PTE LTD</SP_DESC_1>
    <BESP_DESC>SHENGJJIN, ALBANIA</BESP_DESC>
    <COUNTRY_DESC>SINGAPORE</COUNTRY_DESC>
    <POL_DESC>QUIMIMPORT</POL_DESC>
    <POD_DESC>JIA NON ENTERPRISE CO.,LTD.</POD_DESC>
    <JOB_TO_GRN_STATUS>N</JOB_TO_GRN_STATUS>
    <OWNER_NAME>SYNGENTA ASIA PACIFIC PTE LTD</OWNER_NAME>
    <FOOTERTOTAL_QTY>0</FOOTERTOTAL_QTY>
    <FOOTERTOTAL_GROSS_WEIGHT>0</FOOTERTOTAL_GROSS_WEIGHT>
    <FOOTERTOTAL_NET_WEIGHT>0</FOOTERTOTAL_NET_WEIGHT>
    <DB_ROW_COUNT>11778</DB_ROW_COUNT>
  </Table>
  <Table>
    <BE_ID>BSPL</BE_ID>
    <WO_ID>IGST210142</WO_ID>
    <TRANS_DATE>2021-03-28T00:00:00+05:30</TRANS_DATE>
    <TRANS_TYPE>INCOMING</TRANS_TYPE>
    <TRANS_STATUS>FF</TRANS_STATUS>
    <PROCESS_STATUS>COMPLETED</PROCESS_STATUS>
    <BECONG_ID>0000702966</BECONG_ID>
    <BEPRIM_ID>NA</BEPRIM_ID>
    <BERS_ID>NA</BERS_ID>
    <FROM_BESERPO_ID>NA</FROM_BESERPO_ID>
    <BECUR_ID>SGD</BECUR_ID>
    <INV_CUS_ID>GURUSOFT_TEST_1</INV_CUS_ID>
    <TO_BESERPO_ID>NA</TO_BESERPO_ID>
    <BESUP_ID>NA</BESUP_ID>
    <BESP_ID>NA</BESP_ID>
    <BESAL_ID>NA</BESAL_ID>
    <BEDISM_ID>NA</BEDISM_ID>
    <BETRNT_BETRN_ID>WO</BETRNT_BETRN_ID>
    <BETRNT_ID>IN</BETRNT_ID>
    <STORAGE_FLAG>N</STORAGE_FLAG>
    <ETA_DATE>2021-03-19T00:00:00+05:30</ETA_DATE>
    <ETD_DATE>2021-03-19T00:00:00+05:30</ETD_DATE>
    <ATTN_TO>NA</ATTN_TO>
    <COPY_TO>NA</COPY_TO>
    <VESSEL>VESSEL</VESSEL>
    <VOYAGE>VOYAGE</VOYAGE>
    <COMPLETED_DATE>2021-04-13T00:00:00+05:30</COMPLETED_DATE>
    <EXPECTED_DATE>2021-03-19T10:29:57+05:30</EXPECTED_DATE>
    <PRIORITY>1</PRIORITY>
    <EXRATE>0</EXRATE>
    <REFERENCE_10>NA</REFERENCE_10>
    <PRINT_STATUS>N</PRINT_STATUS>
    <PRINTED_BY>NA</PRINTED_BY>
    <TRANS_MSG>OPEN</TRANS_MSG>
    <POSTED>N</POSTED>
    <EXT_SYS_REF_BE_ID>NA</EXT_SYS_REF_BE_ID>
    <WO_ID_1>NA</WO_ID_1>
    <WF_END_TYPE>NA</WF_END_TYPE>
    <BECTYL_ID>JICC</BECTYL_ID>
    <BERS_ID_1>NA</BERS_ID_1>
    <BEDC_ID>BERTSCHIJICC</BEDC_ID>
    <BECDA_ID>NA</BECDA_ID>
    <BECBA_ID>NA</BECBA_ID>
    <DELIVERY_NAME>NA</DELIVERY_NAME>
    <DELIVERY_ADDRESS>NA</DELIVERY_ADDRESS>
    <DELIVERY_TELEPHONE>NA</DELIVERY_TELEPHONE>
    <DELIVERY_CITY>NA</DELIVERY_CITY>
    <DELIVERY_ZIP_CODE>NA</DELIVERY_ZIP_CODE>
    <BECTY_ID>SG</BECTY_ID>
    <BILLING_ZIP_CODE>NA</BILLING_ZIP_CODE>
    <BILLING_CITY>NA</BILLING_CITY>
    <ISSUED_DATE>2021-03-21T00:00:00+05:30</ISSUED_DATE>
    <BILLING_NAME>NA</BILLING_NAME>
    <BILLING_ADDRESS>NA</BILLING_ADDRESS>
    <BILLING_TELEPHONE>NA</BILLING_TELEPHONE>
    <APPROVAL_STATUS>NOT REQUIRED</APPROVAL_STATUS>
    <BATCH_NO>NA</BATCH_NO>
    <NET_SELLING_PRICE>0</NET_SELLING_PRICE>
    <BETE_ID>NA</BETE_ID>
    <BETE_ID_1>NA</BETE_ID_1>
    <CONTRACT_ID>NA</CONTRACT_ID>
    <OBL_NO>OBL</OBL_NO>
    <HOUSE_BL_NO>HBL</HOUSE_BL_NO>
    <POL>0003720214</POL>
    <POD>2</POD>
    <BOOKING_REF_NO>BRN</BOOKING_REF_NO>
    <BESP_ID_1>NA</BESP_ID_1>
    <STOCK_RES_ID>NA</STOCK_RES_ID>
    <BESP_ID_2>AEAJM</BESP_ID_2>
    <STUFFING_REMARKS>NA</STUFFING_REMARKS>
    <COLLECTION_ORDER_REMARKS>NA</COLLECTION_ORDER_REMARKS>
    <TRUCKING_PLAN_REMARKS>NA</TRUCKING_PLAN_REMARKS>
    <DIRECT_GRN>Y</DIRECT_GRN>
    <PACKING_INSTRUCTION>NA</PACKING_INSTRUCTION>
    <STUFFING_INSTRUCTION>NA</STUFFING_INSTRUCTION>
    <COLLECTION_ORDER_INSTRUCTION>NA</COLLECTION_ORDER_INSTRUCTION>
    <TRUCKING_PLAN_INSTRUCTION>NA</TRUCKING_PLAN_INSTRUCTION>
    <PLAN_PUTAWAY_INSTRUCTION>NA</PLAN_PUTAWAY_INSTRUCTION>
    <CARGO_CHECK_REMARKS>NA</CARGO_CHECK_REMARKS>
    <CARGO_CHECK_INSTRUCTION>NA</CARGO_CHECK_INSTRUCTION>
    <PACKING_ATTENTION>NA</PACKING_ATTENTION>
    <PACKING_CC>NA</PACKING_CC>
    <KIV_STATUS>OPEN</KIV_STATUS>
    <REFERENCE_2>IGST210142</REFERENCE_2>
    <REFERENCE_8>NA</REFERENCE_8>
    <REFERENCE_NO_1>0</REFERENCE_NO_1>
    <REFERENCE_NO_2>0</REFERENCE_NO_2>
    <REFERENCE_NO_3>0</REFERENCE_NO_3>
    <GW_STATUS>UNSEND</GW_STATUS>
    <DATA_SOURCE>COPY_FUNC</DATA_SOURCE>
    <CREATED_AT>GSI-DTP-15-003</CREATED_AT>
    <CREATED_BY>BALAJI</CREATED_BY>
    <CREATED_ON>2021-05-12T18:00:34+05:30</CREATED_ON>
    <MODIFIED_AT>GSI-DTP-15-003</MODIFIED_AT>
    <MODIFIED_BY>BALAJI</MODIFIED_BY>
    <MODIFIED_ON>2021-05-12T18:17:43+05:30</MODIFIED_ON>
    <DOCUMENT_ATTACHED>N</DOCUMENT_ATTACHED>
    <EMAIL_ACK_STATUS>UNSENT</EMAIL_ACK_STATUS>
    <BILLING_STATUS>PENDING</BILLING_STATUS>
    <BEDEP_ID>NA</BEDEP_ID>
    <SYS_STAMP>GSI-DTP-15-003BALAJI12-MAY-21 06.17.43.000000000 PM</SYS_STAMP>
    <MODE_OF_TRANSPORT>BY AIR</MODE_OF_TRANSPORT>
    <DEMURRAGE>3</DEMURRAGE>
    <DETENTION>2</DETENTION>
    <TYPE_OF_TRANSPORT>IMPORT</TYPE_OF_TRANSPORT>
    <NO_OF_TRANSPORT>0</NO_OF_TRANSPORT>
    <STRG_CONTRACT_ID>QTNS00000003</STRG_CONTRACT_ID>
    <SEQ_TYPE>I</SEQ_TYPE>
    <TRANSPORT_STATUS>PENDING</TRANSPORT_STATUS>
    <UNLOADING_METHOD>PALLETIZED</UNLOADING_METHOD>
    <CONFIRM_DATE>2021-03-19T10:29:57+05:30</CONFIRM_DATE>
    <PERMIT_NO>PN</PERMIT_NO>
    <PRODUCT_CLASS>DG</PRODUCT_CLASS>
    <TOTAL_QTY>400</TOTAL_QTY>
    <TOTAL_GROSS_WEIGHT>9072</TOTAL_GROSS_WEIGHT>
    <TOTAL_NET_WEIGHT>9072</TOTAL_NET_WEIGHT>
    <BESTORE_ID>WAREHOUSE</BESTORE_ID>
    <BEWH_ID>BERTSCHIJICC</BEWH_ID>
    <PO_NO>PO</PO_NO>
    <DN_NO>DN</DN_NO>
    <SHIPMENT_NO>SH</SHIPMENT_NO>
    <CUST_NAME>GURUSOFT_TEST_1</CUST_NAME>
    <SUPPLIER_NAME>Not Applicable</SUPPLIER_NAME>
    <BESP_ID_DESC>Not Applicable</BESP_ID_DESC>
    <WAREHOUSE_DESC>BERTSCHIJICC</WAREHOUSE_DESC>
    <CTYLOC_DESC>JICC</CTYLOC_DESC>
    <DEP_DESC>Not Applicable</DEP_DESC>
    <SP_DESC_1>GURUSOFT_TEST_1</SP_DESC_1>
    <BESP_DESC>AJMAN, UNITED ARAB EMIRATES</BESP_DESC>
    <COUNTRY_DESC>SINGAPORE</COUNTRY_DESC>
    <POL_DESC>LANXESS K.K</POL_DESC>
    <POD_DESC>QUIMIMPORT</POD_DESC>
    <JOB_TO_GRN_STATUS>N</JOB_TO_GRN_STATUS>
    <OWNER_NAME>JIANGSU CHANGQING (VIA SF)</OWNER_NAME>
    <FOOTERTOTAL_QTY>200</FOOTERTOTAL_QTY>
    <FOOTERTOTAL_GROSS_WEIGHT>4536</FOOTERTOTAL_GROSS_WEIGHT>
    <FOOTERTOTAL_NET_WEIGHT>4536</FOOTERTOTAL_NET_WEIGHT>
    <DB_ROW_COUNT>11778</DB_ROW_COUNT>
  </Table>
  <Table>
    <BE_ID>BSPL</BE_ID>
    <WO_ID>IGST210141</WO_ID>
    <TRANS_DATE>2021-05-10T19:55:47+05:30</TRANS_DATE>
    <TRANS_TYPE>INCOMING</TRANS_TYPE>
    <TRANS_STATUS>FF</TRANS_STATUS>
    <PROCESS_STATUS>COMPLETED</PROCESS_STATUS>
    <BECONG_ID>0000702966</BECONG_ID>
    <BEPRIM_ID>NA</BEPRIM_ID>
    <BERS_ID>NA</BERS_ID>
    <FROM_BESERPO_ID>NA</FROM_BESERPO_ID>
    <BECUR_ID>SGD</BECUR_ID>
    <INV_CUS_ID>GURUSOFT_TEST_1</INV_CUS_ID>
    <TO_BESERPO_ID>NA</TO_BESERPO_ID>
    <BESUP_ID>NA</BESUP_ID>
    <BESP_ID>NA</BESP_ID>
    <BESAL_ID>NA</BESAL_ID>
    <BEDISM_ID>NA</BEDISM_ID>
    <BETRNT_BETRN_ID>WO</BETRNT_BETRN_ID>
    <BETRNT_ID>IN</BETRNT_ID>
    <STORAGE_FLAG>N</STORAGE_FLAG>
    <ETA_DATE>2021-03-19T00:00:00+05:30</ETA_DATE>
    <ETD_DATE>2021-03-19T00:00:00+05:30</ETD_DATE>
    <ATTN_TO>NA</ATTN_TO>
    <COPY_TO>NA</COPY_TO>
    <VESSEL>VESSEL</VESSEL>
    <VOYAGE>VOYAGE</VOYAGE>
    <COMPLETED_DATE>2021-05-10T20:04:04+05:30</COMPLETED_DATE>
    <EXPECTED_DATE>2021-03-19T10:29:57+05:30</EXPECTED_DATE>
    <PRIORITY>1</PRIORITY>
    <EXRATE>0</EXRATE>
    <REFERENCE_10>NA</REFERENCE_10>
    <PRINT_STATUS>N</PRINT_STATUS>
    <PRINTED_BY>NA</PRINTED_BY>
    <TRANS_MSG>OPEN</TRANS_MSG>
    <POSTED>N</POSTED>
    <EXT_SYS_REF_BE_ID>NA</EXT_SYS_REF_BE_ID>
    <WO_ID_1>NA</WO_ID_1>
    <WF_END_TYPE>NA</WF_END_TYPE>
    <BECTYL_ID>JICC</BECTYL_ID>
    <BERS_ID_1>NA</BERS_ID_1>
    <BEDC_ID>BERTSCHIJICC</BEDC_ID>
    <BECDA_ID>NA</BECDA_ID>
    <BECBA_ID>NA</BECBA_ID>
    <DELIVERY_NAME>NA</DELIVERY_NAME>
    <DELIVERY_ADDRESS>NA</DELIVERY_ADDRESS>
    <DELIVERY_TELEPHONE>NA</DELIVERY_TELEPHONE>
    <DELIVERY_CITY>NA</DELIVERY_CITY>
    <DELIVERY_ZIP_CODE>NA</DELIVERY_ZIP_CODE>
    <BECTY_ID>SG</BECTY_ID>
    <BILLING_ZIP_CODE>NA</BILLING_ZIP_CODE>
    <BILLING_CITY>NA</BILLING_CITY>
    <ISSUED_DATE>2021-03-21T00:00:00+05:30</ISSUED_DATE>
    <BILLING_NAME>NA</BILLING_NAME>
    <BILLING_ADDRESS>NA</BILLING_ADDRESS>
    <BILLING_TELEPHONE>NA</BILLING_TELEPHONE>
    <APPROVAL_STATUS>NOT REQUIRED</APPROVAL_STATUS>
    <BATCH_NO>NA</BATCH_NO>
    <NET_SELLING_PRICE>0</NET_SELLING_PRICE>
    <BETE_ID>NA</BETE_ID>
    <BETE_ID_1>NA</BETE_ID_1>
    <CONTRACT_ID>NA</CONTRACT_ID>
    <OBL_NO>OBL</OBL_NO>
    <HOUSE_BL_NO>HBL</HOUSE_BL_NO>
    <POL>0003720214</POL>
    <POD>2</POD>
    <BOOKING_REF_NO>BRN</BOOKING_REF_NO>
    <BESP_ID_1>NA</BESP_ID_1>
    <STOCK_RES_ID>NA</STOCK_RES_ID>
    <BESP_ID_2>AEAJM</BESP_ID_2>
    <STUFFING_REMARKS>NA</STUFFING_REMARKS>
    <COLLECTION_ORDER_REMARKS>NA</COLLECTION_ORDER_REMARKS>
    <TRUCKING_PLAN_REMARKS>NA</TRUCKING_PLAN_REMARKS>
    <DIRECT_GRN>Y</DIRECT_GRN>
    <PACKING_INSTRUCTION>NA</PACKING_INSTRUCTION>
    <STUFFING_INSTRUCTION>NA</STUFFING_INSTRUCTION>
    <COLLECTION_ORDER_INSTRUCTION>NA</COLLECTION_ORDER_INSTRUCTION>
    <TRUCKING_PLAN_INSTRUCTION>NA</TRUCKING_PLAN_INSTRUCTION>
    <PLAN_PUTAWAY_INSTRUCTION>NA</PLAN_PUTAWAY_INSTRUCTION>
    <CARGO_CHECK_REMARKS>NA</CARGO_CHECK_REMARKS>
    <CARGO_CHECK_INSTRUCTION>NA</CARGO_CHECK_INSTRUCTION>
    <PACKING_ATTENTION>NA</PACKING_ATTENTION>
    <PACKING_CC>NA</PACKING_CC>
    <KIV_STATUS>OPEN</KIV_STATUS>
    <REFERENCE_2>IGST210141</REFERENCE_2>
    <REFERENCE_8>NA</REFERENCE_8>
    <REFERENCE_NO_1>0</REFERENCE_NO_1>
    <REFERENCE_NO_2>0</REFERENCE_NO_2>
    <REFERENCE_NO_3>0</REFERENCE_NO_3>
    <GW_STATUS>UNSEND</GW_STATUS>
    <DATA_SOURCE>COPY_FUNC</DATA_SOURCE>
    <CREATED_AT>GSI-DTP-15-003</CREATED_AT>
    <CREATED_BY>BALAJI</CREATED_BY>
    <CREATED_ON>2021-05-10T19:55:49+05:30</CREATED_ON>
    <MODIFIED_AT>GSI-DTP-15-003</MODIFIED_AT>
    <MODIFIED_BY>BALAJI</MODIFIED_BY>
    <MODIFIED_ON>2021-05-10T20:04:05+05:30</MODIFIED_ON>
    <DOCUMENT_ATTACHED>N</DOCUMENT_ATTACHED>
    <EMAIL_ACK_STATUS>UNSENT</EMAIL_ACK_STATUS>
    <BILLING_STATUS>PENDING</BILLING_STATUS>
    <BEDEP_ID>NA</BEDEP_ID>
    <SYS_STAMP>GSI-DTP-15-003BALAJI10-MAY-21 08.04.05.000000000 PM</SYS_STAMP>
    <MODE_OF_TRANSPORT>BY AIR</MODE_OF_TRANSPORT>
    <DEMURRAGE>3</DEMURRAGE>
    <DETENTION>2</DETENTION>
    <TYPE_OF_TRANSPORT>IMPORT</TYPE_OF_TRANSPORT>
    <NO_OF_TRANSPORT>0</NO_OF_TRANSPORT>
    <STRG_CONTRACT_ID>QTNS00000003</STRG_CONTRACT_ID>
    <SEQ_TYPE>I</SEQ_TYPE>
    <TRANSPORT_STATUS>PENDING</TRANSPORT_STATUS>
    <UNLOADING_METHOD>PALLETIZED</UNLOADING_METHOD>
    <CONFIRM_DATE>2021-03-19T10:29:57+05:30</CONFIRM_DATE>
    <PERMIT_NO>PN</PERMIT_NO>
    <PRODUCT_CLASS>DG</PRODUCT_CLASS>
    <TOTAL_QTY>8</TOTAL_QTY>
    <TOTAL_GROSS_WEIGHT>181.44</TOTAL_GROSS_WEIGHT>
    <TOTAL_NET_WEIGHT>181.44</TOTAL_NET_WEIGHT>
    <BESTORE_ID>WAREHOUSE</BESTORE_ID>
    <BEWH_ID>BERTSCHIJICC</BEWH_ID>
    <PO_NO>PO</PO_NO>
    <DN_NO>DN</DN_NO>
    <SHIPMENT_NO>SH</SHIPMENT_NO>
    <CUST_NAME>GURUSOFT_TEST_1</CUST_NAME>
    <SUPPLIER_NAME>Not Applicable</SUPPLIER_NAME>
    <BESP_ID_DESC>Not Applicable</BESP_ID_DESC>
    <WAREHOUSE_DESC>BERTSCHIJICC</WAREHOUSE_DESC>
    <CTYLOC_DESC>JICC</CTYLOC_DESC>
    <DEP_DESC>Not Applicable</DEP_DESC>
    <SP_DESC_1>GURUSOFT_TEST_1</SP_DESC_1>
    <BESP_DESC>AJMAN, UNITED ARAB EMIRATES</BESP_DESC>
    <COUNTRY_DESC>SINGAPORE</COUNTRY_DESC>
    <POL_DESC>LANXESS K.K</POL_DESC>
    <POD_DESC>QUIMIMPORT</POD_DESC>
    <JOB_TO_GRN_STATUS>N</JOB_TO_GRN_STATUS>
    <OWNER_NAME>JIANGSU CHANGQING (VIA SF)</OWNER_NAME>
    <FOOTERTOTAL_QTY>4</FOOTERTOTAL_QTY>
    <FOOTERTOTAL_GROSS_WEIGHT>90.72</FOOTERTOTAL_GROSS_WEIGHT>
    <FOOTERTOTAL_NET_WEIGHT>90.72</FOOTERTOTAL_NET_WEIGHT>
    <DB_ROW_COUNT>11778</DB_ROW_COUNT>
  </Table>
  <Table>
    <BE_ID>BSPL</BE_ID>
    <WO_ID>IGST210140</WO_ID>
    <TRANS_DATE>2021-05-06T19:02:54+05:30</TRANS_DATE>
    <TRANS_TYPE>INCOMING</TRANS_TYPE>
    <TRANS_STATUS>FF</TRANS_STATUS>
    <PROCESS_STATUS>COMPLETED</PROCESS_STATUS>
    <BECONG_ID>0000702966</BECONG_ID>
    <BEPRIM_ID>NA</BEPRIM_ID>
    <BERS_ID>NA</BERS_ID>
    <FROM_BESERPO_ID>NA</FROM_BESERPO_ID>
    <BECUR_ID>SGD</BECUR_ID>
    <INV_CUS_ID>GURUSOFT_TEST_1</INV_CUS_ID>
    <TO_BESERPO_ID>NA</TO_BESERPO_ID>
    <BESUP_ID>NA</BESUP_ID>
    <BESP_ID>NA</BESP_ID>
    <BESAL_ID>NA</BESAL_ID>
    <BEDISM_ID>NA</BEDISM_ID>
    <BETRNT_BETRN_ID>WO</BETRNT_BETRN_ID>
    <BETRNT_ID>IN</BETRNT_ID>
    <STORAGE_FLAG>N</STORAGE_FLAG>
    <ETA_DATE>2021-03-19T00:00:00+05:30</ETA_DATE>
    <ETD_DATE>2021-03-19T00:00:00+05:30</ETD_DATE>
    <ATTN_TO>NA</ATTN_TO>
    <COPY_TO>NA</COPY_TO>
    <VESSEL>VESSEL</VESSEL>
    <VOYAGE>VOYAGE</VOYAGE>
    <COMPLETED_DATE>2021-05-10T13:57:02+05:30</COMPLETED_DATE>
    <EXPECTED_DATE>2021-03-19T10:29:57+05:30</EXPECTED_DATE>
    <PRIORITY>1</PRIORITY>
    <EXRATE>0</EXRATE>
    <REFERENCE_10>NA</REFERENCE_10>
    <PRINT_STATUS>N</PRINT_STATUS>
    <PRINTED_BY>NA</PRINTED_BY>
    <TRANS_MSG>OPEN</TRANS_MSG>
    <POSTED>N</POSTED>
    <EXT_SYS_REF_BE_ID>NA</EXT_SYS_REF_BE_ID>
    <WO_ID_1>NA</WO_ID_1>
    <WF_END_TYPE>NA</WF_END_TYPE>
    <BECTYL_ID>JICC</BECTYL_ID>
    <BERS_ID_1>NA</BERS_ID_1>
    <BEDC_ID>BERTSCHIJICC</BEDC_ID>
    <BECDA_ID>NA</BECDA_ID>
    <BECBA_ID>NA</BECBA_ID>
    <DELIVERY_NAME>NA</DELIVERY_NAME>
    <DELIVERY_ADDRESS>NA</DELIVERY_ADDRESS>
    <DELIVERY_TELEPHONE>NA</DELIVERY_TELEPHONE>
    <DELIVERY_CITY>NA</DELIVERY_CITY>
    <DELIVERY_ZIP_CODE>NA</DELIVERY_ZIP_CODE>
    <BECTY_ID>SG</BECTY_ID>
    <BILLING_ZIP_CODE>NA</BILLING_ZIP_CODE>
    <BILLING_CITY>NA</BILLING_CITY>
    <ISSUED_DATE>2021-03-21T00:00:00+05:30</ISSUED_DATE>
    <BILLING_NAME>NA</BILLING_NAME>
    <BILLING_ADDRESS>NA</BILLING_ADDRESS>
    <BILLING_TELEPHONE>NA</BILLING_TELEPHONE>
    <APPROVAL_STATUS>NOT REQUIRED</APPROVAL_STATUS>
    <BATCH_NO>NA</BATCH_NO>
    <NET_SELLING_PRICE>0</NET_SELLING_PRICE>
    <BETE_ID>NA</BETE_ID>
    <BETE_ID_1>NA</BETE_ID_1>
    <CONTRACT_ID>NA</CONTRACT_ID>
    <OBL_NO>OBL</OBL_NO>
    <HOUSE_BL_NO>HBL</HOUSE_BL_NO>
    <POL>0003720214</POL>
    <POD>2</POD>
    <BOOKING_REF_NO>BRN</BOOKING_REF_NO>
    <BESP_ID_1>NA</BESP_ID_1>
    <STOCK_RES_ID>NA</STOCK_RES_ID>
    <BESP_ID_2>AEAJM</BESP_ID_2>
    <STUFFING_REMARKS>NA</STUFFING_REMARKS>
    <COLLECTION_ORDER_REMARKS>NA</COLLECTION_ORDER_REMARKS>
    <TRUCKING_PLAN_REMARKS>NA</TRUCKING_PLAN_REMARKS>
    <DIRECT_GRN>Y</DIRECT_GRN>
    <PACKING_INSTRUCTION>NA</PACKING_INSTRUCTION>
    <STUFFING_INSTRUCTION>NA</STUFFING_INSTRUCTION>
    <COLLECTION_ORDER_INSTRUCTION>NA</COLLECTION_ORDER_INSTRUCTION>
    <TRUCKING_PLAN_INSTRUCTION>NA</TRUCKING_PLAN_INSTRUCTION>
    <PLAN_PUTAWAY_INSTRUCTION>NA</PLAN_PUTAWAY_INSTRUCTION>
    <CARGO_CHECK_REMARKS>NA</CARGO_CHECK_REMARKS>
    <CARGO_CHECK_INSTRUCTION>NA</CARGO_CHECK_INSTRUCTION>
    <PACKING_ATTENTION>NA</PACKING_ATTENTION>
    <PACKING_CC>NA</PACKING_CC>
    <KIV_STATUS>OPEN</KIV_STATUS>
    <REFERENCE_2>IGST210140</REFERENCE_2>
    <REFERENCE_8>NA</REFERENCE_8>
    <REFERENCE_NO_1>0</REFERENCE_NO_1>
    <REFERENCE_NO_2>0</REFERENCE_NO_2>
    <REFERENCE_NO_3>0</REFERENCE_NO_3>
    <GW_STATUS>UNSEND</GW_STATUS>
    <DATA_SOURCE>COPY_FUNC</DATA_SOURCE>
    <CREATED_AT>GSI-DTP-15-003</CREATED_AT>
    <CREATED_BY>BALAJI</CREATED_BY>
    <CREATED_ON>2021-05-06T19:02:56+05:30</CREATED_ON>
    <MODIFIED_AT>GSI-DTP-15-003</MODIFIED_AT>
    <MODIFIED_BY>BALAJI</MODIFIED_BY>
    <MODIFIED_ON>2021-05-10T13:57:03+05:30</MODIFIED_ON>
    <DOCUMENT_ATTACHED>N</DOCUMENT_ATTACHED>
    <EMAIL_ACK_STATUS>UNSENT</EMAIL_ACK_STATUS>
    <BILLING_STATUS>PENDING</BILLING_STATUS>
    <BEDEP_ID>NA</BEDEP_ID>
    <SYS_STAMP>GSI-DTP-15-003BALAJI10-MAY-21 01.57.03.000000000 PM</SYS_STAMP>
    <MODE_OF_TRANSPORT>BY AIR</MODE_OF_TRANSPORT>
    <DEMURRAGE>3</DEMURRAGE>
    <DETENTION>2</DETENTION>
    <TYPE_OF_TRANSPORT>IMPORT</TYPE_OF_TRANSPORT>
    <NO_OF_TRANSPORT>0</NO_OF_TRANSPORT>
    <STRG_CONTRACT_ID>QTNS00000003</STRG_CONTRACT_ID>
    <SEQ_TYPE>I</SEQ_TYPE>
    <TRANSPORT_STATUS>PENDING</TRANSPORT_STATUS>
    <UNLOADING_METHOD>PALLETIZED</UNLOADING_METHOD>
    <CONFIRM_DATE>2021-03-19T10:29:57+05:30</CONFIRM_DATE>
    <PERMIT_NO>PN</PERMIT_NO>
    <PRODUCT_CLASS>DG</PRODUCT_CLASS>
    <TOTAL_QTY>24</TOTAL_QTY>
    <TOTAL_GROSS_WEIGHT>544.32</TOTAL_GROSS_WEIGHT>
    <TOTAL_NET_WEIGHT>544.32</TOTAL_NET_WEIGHT>
    <BESTORE_ID>WAREHOUSE</BESTORE_ID>
    <BEWH_ID>BERTSCHIJICC</BEWH_ID>
    <PO_NO>PO</PO_NO>
    <DN_NO>DN</DN_NO>
    <SHIPMENT_NO>SH</SHIPMENT_NO>
    <CUST_NAME>GURUSOFT_TEST_1</CUST_NAME>
    <SUPPLIER_NAME>Not Applicable</SUPPLIER_NAME>
    <BESP_ID_DESC>Not Applicable</BESP_ID_DESC>
    <WAREHOUSE_DESC>BERTSCHIJICC</WAREHOUSE_DESC>
    <CTYLOC_DESC>JICC</CTYLOC_DESC>
    <DEP_DESC>Not Applicable</DEP_DESC>
    <SP_DESC_1>GURUSOFT_TEST_1</SP_DESC_1>
    <BESP_DESC>AJMAN, UNITED ARAB EMIRATES</BESP_DESC>
    <COUNTRY_DESC>SINGAPORE</COUNTRY_DESC>
    <POL_DESC>LANXESS K.K</POL_DESC>
    <POD_DESC>QUIMIMPORT</POD_DESC>
    <JOB_TO_GRN_STATUS>N</JOB_TO_GRN_STATUS>
    <OWNER_NAME>JIANGSU CHANGQING (VIA SF)</OWNER_NAME>
    <FOOTERTOTAL_QTY>12</FOOTERTOTAL_QTY>
    <FOOTERTOTAL_GROSS_WEIGHT>272.16</FOOTERTOTAL_GROSS_WEIGHT>
    <FOOTERTOTAL_NET_WEIGHT>272.16</FOOTERTOTAL_NET_WEIGHT>
    <DB_ROW_COUNT>11778</DB_ROW_COUNT>
  </Table>
</NewDataSet>