<?xml version="1.0" standalone="yes"?>
<NewDataSet>
  <FBL0306R1V1SEARCH1>
    <lang_id>ENG</lang_id>
    <column_name>ID</column_name>
    <display_name>ID</display_name>
    <data_type>STRING</data_type>
    <column_width>150</column_width>
    <default_cursor_focus>N</default_cursor_focus>
    <concealed>N</concealed>
    <rptpm_default_value />
    <rptpm_name />
    <rptpm_seq_no>150</rptpm_seq_no>
    <list_view_position>C001</list_view_position>
    <field_source />
    <field_type>READONLY</field_type>
    <visibility>Y</visibility>
    <column_index>1</column_index>
    <row_index>0</row_index>
    <row_span>1</row_span>
    <column_span>1</column_span>
    <min_value>0</min_value>
    <max_value>0</max_value>
    <field_type_changeto />
    <gs_description />
    <gs_check />
    <gs_uncheck />
    <max_length>50</max_length>
    <character_casing>NORMAL</character_casing>
    <text_wrapping>NOWRAP</text_wrapping>
    <format />
    <expression>N</expression>
    <aliasename_1 />
    <view_mode>DATAGRID</view_mode>
    <control>GSTEXTBOX</control>
    <dynamic_search_position>S001</dynamic_search_position>
    <gw_status>UNSEND</gw_status>
    <data_source>APPLICATION</data_source>
    <modified_at>GSI-DTP-19-009</modified_at>
    <filter_columns />
    <static_filter_flag>N</static_filter_flag>
    <type>FORMS</type>
    <user_id>ADMIN</user_id>
    <allow_copy_flag>Y</allow_copy_flag>
    <special_valid_flag>N</special_valid_flag>
    <reference_2 />
    <form_id>FBL0306R1V1</form_id>
    <reference_1 />
    <reference_3 />
    <reference_4 />
    <filter_value /><second_row_visibilty />
  </FBL0306R1V1SEARCH1>
  <FBL0306R1V1SEARCH1>
    <lang_id>ENG</lang_id>
    <column_name>NAME</column_name>
    <display_name>Name</display_name>
    <data_type>STRING</data_type>
    <column_width>150</column_width>
    <default_cursor_focus>N</default_cursor_focus>
    <concealed>N</concealed>
    <rptpm_default_value />
    <rptpm_name />
    <rptpm_seq_no>150</rptpm_seq_no>
    <list_view_position>C002</list_view_position>
    <field_source />
    <field_type>READONLY</field_type>
    <visibility>Y</visibility>
    <column_index>1</column_index>
    <row_index>0</row_index>
    <row_span>1</row_span>
    <column_span>1</column_span>
    <min_value>0</min_value>
    <max_value>0</max_value>
    <field_type_changeto />
    <gs_description />
    <gs_check />
    <gs_uncheck />
    <max_length>50</max_length>
    <character_casing>NORMAL</character_casing>
    <text_wrapping>NOWRAP</text_wrapping>
    <format />
    <expression>N</expression>
    <aliasename_1 />
    <view_mode>DATAGRID</view_mode>
    <control>GSTEXTBOX</control>
    <dynamic_search_position />
    <gw_status>UNSEND</gw_status>
    <data_source>APPLICATION</data_source>
    <modified_at>GSI-DTP-19-009</modified_at>
    <filter_columns />
    <static_filter_flag>N</static_filter_flag>
    <type>FORMS</type>
    <user_id>ADMIN</user_id>
    <allow_copy_flag>Y</allow_copy_flag>
    <special_valid_flag>N</special_valid_flag>
    <reference_2 />
    <form_id>FBL0306R1V1</form_id>
    <reference_1 />
    <reference_3 />
    <reference_4 />
    <filter_value /><second_row_visibilty />
  </FBL0306R1V1SEARCH1>
  <FBL0306R1V1SEARCH1>
    <lang_id>ENG</lang_id>
    <column_name>LONG_NAME</column_name>
    <display_name>English Name</display_name>
    <data_type>STRING</data_type>
    <column_width>150</column_width>
    <default_cursor_focus>N</default_cursor_focus>
    <concealed>N</concealed>
    <rptpm_default_value />
    <rptpm_name />
    <rptpm_seq_no>150</rptpm_seq_no>
    <list_view_position>C003</list_view_position>
    <field_source />
    <field_type>READONLY</field_type>
    <visibility>N</visibility>
    <column_index>1</column_index>
    <row_index>0</row_index>
    <row_span>1</row_span>
    <column_span>1</column_span>
    <min_value>0</min_value>
    <max_value>0</max_value>
    <field_type_changeto />
    <gs_description />
    <gs_check />
    <gs_uncheck />
    <max_length>50</max_length>
    <character_casing>NORMAL</character_casing>
    <text_wrapping>NOWRAP</text_wrapping>
    <format />
    <expression>N</expression>
    <aliasename_1 />
    <view_mode>DATAGRID</view_mode>
    <control>GSTEXTBOX</control>
    <dynamic_search_position />
    <gw_status>UNSEND</gw_status>
    <data_source>APPLICATION</data_source>
    <modified_at>GSI-DTP-19-009</modified_at>
    <filter_columns />
    <static_filter_flag>N</static_filter_flag>
    <type>FORMS</type>
    <user_id>ADMIN</user_id>
    <allow_copy_flag>Y</allow_copy_flag>
    <special_valid_flag>N</special_valid_flag>
    <reference_2 />
    <form_id>FBL0306R1V1</form_id>
    <reference_1 />
    <reference_3 />
    <reference_4 />
    <filter_value /><second_row_visibilty />
  </FBL0306R1V1SEARCH1>
  <FBL0306R1V1SEARCH1>
    <lang_id>ENG</lang_id>
    <column_name>ACL_ID</column_name>
    <display_name>Account Classes</display_name>
    <data_type>STRING</data_type>
    <column_width>150</column_width>
    <default_cursor_focus>N</default_cursor_focus>
    <concealed>N</concealed>
    <rptpm_default_value />
    <rptpm_name />
    <rptpm_seq_no>150</rptpm_seq_no>
    <list_view_position>C004</list_view_position>
    <field_source />
    <field_type>READONLY</field_type>
    <visibility>Y</visibility>
    <column_index>1</column_index>
    <row_index>0</row_index>
    <row_span>1</row_span>
    <column_span>1</column_span>
    <min_value>0</min_value>
    <max_value>0</max_value>
    <field_type_changeto />
    <gs_description />
    <gs_check />
    <gs_uncheck />
    <max_length>50</max_length>
    <character_casing>NORMAL</character_casing>
    <text_wrapping>NOWRAP</text_wrapping>
    <format />
    <expression>N</expression>
    <aliasename_1 />
    <view_mode>DATAGRID</view_mode>
    <control>GSTEXTBOX</control>
    <dynamic_search_position />
    <gw_status>UNSEND</gw_status>
    <data_source>APPLICATION</data_source>
    <modified_at>GSI-DTP-19-009</modified_at>
    <filter_columns />
    <static_filter_flag>N</static_filter_flag>
    <type>FORMS</type>
    <user_id>ADMIN</user_id>
    <allow_copy_flag>Y</allow_copy_flag>
    <special_valid_flag>N</special_valid_flag>
    <reference_2 />
    <form_id>FBL0306R1V1</form_id>
    <reference_1 />
    <reference_3 />
    <reference_4 />
    <filter_value /><second_row_visibilty />
  </FBL0306R1V1SEARCH1>
  <FBL0306R1V1SEARCH1>
    <lang_id>ENG</lang_id>
    <column_name>PAR_GL_ID</column_name>
    <display_name>Parent ID</display_name>
    <data_type>STRING</data_type>
    <column_width>150</column_width>
    <default_cursor_focus>N</default_cursor_focus>
    <concealed>N</concealed>
    <rptpm_default_value />
    <rptpm_name />
    <rptpm_seq_no>150</rptpm_seq_no>
    <list_view_position>C005</list_view_position>
    <field_source />
    <field_type>READONLY</field_type>
    <visibility>N</visibility>
    <column_index>1</column_index>
    <row_index>0</row_index>
    <row_span>1</row_span>
    <column_span>1</column_span>
    <min_value>0</min_value>
    <max_value>0</max_value>
    <field_type_changeto />
    <gs_description />
    <gs_check />
    <gs_uncheck />
    <max_length>50</max_length>
    <character_casing>NORMAL</character_casing>
    <text_wrapping>NOWRAP</text_wrapping>
    <format />
    <expression>N</expression>
    <aliasename_1 />
    <view_mode>DATAGRID</view_mode>
    <control>GSTEXTBOX</control>
    <dynamic_search_position />
    <gw_status>UNSEND</gw_status>
    <data_source>APPLICATION</data_source>
    <modified_at>GSI-DTP-19-009</modified_at>
    <filter_columns />
    <static_filter_flag>N</static_filter_flag>
    <type>FORMS</type>
    <user_id>ADMIN</user_id>
    <allow_copy_flag>Y</allow_copy_flag>
    <special_valid_flag>N</special_valid_flag>
    <reference_2 />
    <form_id>FBL0306R1V1</form_id>
    <reference_1 />
    <reference_3 />
    <reference_4 />
    <filter_value /><second_row_visibilty />
  </FBL0306R1V1SEARCH1>
  <FBL0306R1V1SEARCH1>
    <lang_id>ENG</lang_id>
    <column_name>DETAIL_ACCOUNT</column_name>
    <display_name>Detail Account</display_name>
    <data_type>STRING</data_type>
    <column_width>150</column_width>
    <default_cursor_focus>N</default_cursor_focus>
    <concealed>N</concealed>
    <rptpm_default_value />
    <rptpm_name />
    <rptpm_seq_no>150</rptpm_seq_no>
    <list_view_position>C006</list_view_position>
    <field_source />
    <field_type>READONLY</field_type>
    <visibility>Y</visibility>
    <column_index>1</column_index>
    <row_index>0</row_index>
    <row_span>1</row_span>
    <column_span>1</column_span>
    <min_value>0</min_value>
    <max_value>0</max_value>
    <field_type_changeto />
    <gs_description />
    <gs_check />
    <gs_uncheck />
    <max_length>50</max_length>
    <character_casing>NORMAL</character_casing>
    <text_wrapping>NOWRAP</text_wrapping>
    <format />
    <expression>N</expression>
    <aliasename_1 />
    <view_mode>DATAGRID</view_mode>
    <control>GSTEXTBOX</control>
    <dynamic_search_position />
    <gw_status>UNSEND</gw_status>
    <data_source>APPLICATION</data_source>
    <modified_at>GSI-DTP-19-009</modified_at>
    <filter_columns />
    <static_filter_flag>N</static_filter_flag>
    <type>FORMS</type>
    <user_id>ADMIN</user_id>
    <allow_copy_flag>Y</allow_copy_flag>
    <special_valid_flag>N</special_valid_flag>
    <reference_2 />
    <form_id>FBL0306R1V1</form_id>
    <reference_1 />
    <reference_3 />
    <reference_4 />
    <filter_value /><second_row_visibilty />
  </FBL0306R1V1SEARCH1>
  <FBL0306R1V1SEARCH1>
    <lang_id>ENG</lang_id>
    <column_name>DIVISION</column_name>
    <display_name>Division</display_name>
    <data_type>STRING</data_type>
    <column_width>150</column_width>
    <default_cursor_focus>N</default_cursor_focus>
    <concealed>N</concealed>
    <rptpm_default_value />
    <rptpm_name />
    <rptpm_seq_no>150</rptpm_seq_no>
    <list_view_position>C007</list_view_position>
    <field_source />
    <field_type>READONLY</field_type>
    <visibility>Y</visibility>
    <column_index>1</column_index>
    <row_index>0</row_index>
    <row_span>1</row_span>
    <column_span>1</column_span>
    <min_value>0</min_value>
    <max_value>0</max_value>
    <field_type_changeto />
    <gs_description />
    <gs_check />
    <gs_uncheck />
    <max_length>50</max_length>
    <character_casing>NORMAL</character_casing>
    <text_wrapping>NOWRAP</text_wrapping>
    <format />
    <expression>N</expression>
    <aliasename_1 />
    <view_mode>DATAGRID</view_mode>
    <control>GSTEXTBOX</control>
    <dynamic_search_position />
    <gw_status>UNSEND</gw_status>
    <data_source>APPLICATION</data_source>
    <modified_at>GSI-DTP-19-009</modified_at>
    <filter_columns />
    <static_filter_flag>N</static_filter_flag>
    <type>FORMS</type>
    <user_id>ADMIN</user_id>
    <allow_copy_flag>Y</allow_copy_flag>
    <special_valid_flag>N</special_valid_flag>
    <reference_2 />
    <form_id>FBL0306R1V1</form_id>
    <reference_1 />
    <reference_3 />
    <reference_4 />
    <filter_value /><second_row_visibilty />
  </FBL0306R1V1SEARCH1>
  <FBL0306R1V1SEARCH1>
    <lang_id>ENG</lang_id>
    <column_name>GROUP_GL_ID</column_name>
    <display_name>Group GL Code</display_name>
    <data_type>STRING</data_type>
    <column_width>150</column_width>
    <default_cursor_focus>N</default_cursor_focus>
    <concealed>N</concealed>
    <rptpm_default_value />
    <rptpm_name />
    <rptpm_seq_no>150</rptpm_seq_no>
    <list_view_position>C008</list_view_position>
    <field_source />
    <field_type>READONLY</field_type>
    <visibility>N</visibility>
    <column_index>1</column_index>
    <row_index>0</row_index>
    <row_span>1</row_span>
    <column_span>1</column_span>
    <min_value>0</min_value>
    <max_value>0</max_value>
    <field_type_changeto />
    <gs_description />
    <gs_check />
    <gs_uncheck />
    <max_length>50</max_length>
    <character_casing>NORMAL</character_casing>
    <text_wrapping>NOWRAP</text_wrapping>
    <format />
    <expression>N</expression>
    <aliasename_1 />
    <view_mode>DATAGRID</view_mode>
    <control>GSTEXTBOX</control>
    <dynamic_search_position />
    <gw_status>UNSEND</gw_status>
    <data_source>APPLICATION</data_source>
    <modified_at>GSI-DTP-19-009</modified_at>
    <filter_columns />
    <static_filter_flag>N</static_filter_flag>
    <type>FORMS</type>
    <user_id>ADMIN</user_id>
    <allow_copy_flag>Y</allow_copy_flag>
    <special_valid_flag>N</special_valid_flag>
    <reference_2 />
    <form_id>FBL0306R1V1</form_id>
    <reference_1 />
    <reference_3 />
    <reference_4 />
    <filter_value /><second_row_visibilty />
  </FBL0306R1V1SEARCH1>
  <FBL0306R1V1SEARCH1>
    <lang_id>ENG</lang_id>
    <column_name>GL_LEVEL</column_name>
    <display_name>Level</display_name>
    <data_type>STRING</data_type>
    <column_width>150</column_width>
    <default_cursor_focus>N</default_cursor_focus>
    <concealed>N</concealed>
    <rptpm_default_value />
    <rptpm_name />
    <rptpm_seq_no>150</rptpm_seq_no>
    <list_view_position>C009</list_view_position>
    <field_source />
    <field_type>READONLY</field_type>
    <visibility>Y</visibility>
    <column_index>1</column_index>
    <row_index>0</row_index>
    <row_span>1</row_span>
    <column_span>1</column_span>
    <min_value>0</min_value>
    <max_value>0</max_value>
    <field_type_changeto />
    <gs_description />
    <gs_check />
    <gs_uncheck />
    <max_length>50</max_length>
    <character_casing>NORMAL</character_casing>
    <text_wrapping>NOWRAP</text_wrapping>
    <format />
    <expression>N</expression>
    <aliasename_1 />
    <view_mode>DATAGRID</view_mode>
    <control>GSTEXTBOX</control>
    <dynamic_search_position />
    <gw_status>UNSEND</gw_status>
    <data_source>APPLICATION</data_source>
    <modified_at>GSI-DTP-19-009</modified_at>
    <filter_columns />
    <static_filter_flag>N</static_filter_flag>
    <type>FORMS</type>
    <user_id>ADMIN</user_id>
    <allow_copy_flag>Y</allow_copy_flag>
    <special_valid_flag>N</special_valid_flag>
    <reference_2 />
    <form_id>FBL0306R1V1</form_id>
    <reference_1 />
    <reference_3 />
    <reference_4 />
    <filter_value /><second_row_visibilty />
  </FBL0306R1V1SEARCH1>
  <FBL0306R1V1SEARCH1>
    <lang_id>ENG</lang_id>
    <column_name>SUMMARY_REPORT</column_name>
    <display_name>Report Summary</display_name>
    <data_type>STRING</data_type>
    <column_width>150</column_width>
    <default_cursor_focus>N</default_cursor_focus>
    <concealed>N</concealed>
    <rptpm_default_value />
    <rptpm_name />
    <rptpm_seq_no>150</rptpm_seq_no>
    <list_view_position>C010</list_view_position>
    <field_source />
    <field_type>READONLY</field_type>
    <visibility>Y</visibility>
    <column_index>1</column_index>
    <row_index>0</row_index>
    <row_span>1</row_span>
    <column_span>1</column_span>
    <min_value>0</min_value>
    <max_value>0</max_value>
    <field_type_changeto />
    <gs_description />
    <gs_check />
    <gs_uncheck />
    <max_length>50</max_length>
    <character_casing>NORMAL</character_casing>
    <text_wrapping>NOWRAP</text_wrapping>
    <format />
    <expression>N</expression>
    <aliasename_1 />
    <view_mode>DATAGRID</view_mode>
    <control>GSTEXTBOX</control>
    <dynamic_search_position />
    <gw_status>UNSEND</gw_status>
    <data_source>APPLICATION</data_source>
    <modified_at>GSI-DTP-19-009</modified_at>
    <filter_columns />
    <static_filter_flag>N</static_filter_flag>
    <type>FORMS</type>
    <user_id>ADMIN</user_id>
    <allow_copy_flag>Y</allow_copy_flag>
    <special_valid_flag>N</special_valid_flag>
    <reference_2 />
    <form_id>FBL0306R1V1</form_id>
    <reference_1 />
    <reference_3 />
    <reference_4 />
    <filter_value /><second_row_visibilty />
  </FBL0306R1V1SEARCH1>
  <FBL0306R1V1SEARCH1>
    <lang_id>ENG</lang_id>
    <column_name>CREATED_BY</column_name>
    <display_name>Created By</display_name>
    <data_type>STRING</data_type>
    <column_width>150</column_width>
    <default_cursor_focus>N</default_cursor_focus>
    <concealed>N</concealed>
    <rptpm_default_value />
    <rptpm_name />
    <rptpm_seq_no>150</rptpm_seq_no>
    <list_view_position>C011</list_view_position>
    <field_source />
    <field_type>READONLY</field_type>
    <visibility>Y</visibility>
    <column_index>1</column_index>
    <row_index>0</row_index>
    <row_span>1</row_span>
    <column_span>1</column_span>
    <min_value>0</min_value>
    <max_value>0</max_value>
    <field_type_changeto />
    <gs_description />
    <gs_check />
    <gs_uncheck />
    <max_length>50</max_length>
    <character_casing>NORMAL</character_casing>
    <text_wrapping>NOWRAP</text_wrapping>
    <format />
    <expression>N</expression>
    <aliasename_1 />
    <view_mode>DATAGRID</view_mode>
    <control>GSTEXTBOX</control>
    <dynamic_search_position />
    <gw_status>UNSEND</gw_status>
    <data_source>APPLICATION</data_source>
    <modified_at>GSI-DTP-19-009</modified_at>
    <filter_columns />
    <static_filter_flag>N</static_filter_flag>
    <type>FORMS</type>
    <user_id>ADMIN</user_id>
    <allow_copy_flag>Y</allow_copy_flag>
    <special_valid_flag>N</special_valid_flag>
    <reference_2 />
    <form_id>FBL0306R1V1</form_id>
    <reference_1 />
    <reference_3 />
    <reference_4 />
    <filter_value /><second_row_visibilty />
  </FBL0306R1V1SEARCH1>
  <FBL0306R1V1SEARCH1>
    <lang_id>ENG</lang_id>
    <column_name>MODIFIED_BY</column_name>
    <display_name>Modified By</display_name>
    <data_type>STRING</data_type>
    <column_width>150</column_width>
    <default_cursor_focus>N</default_cursor_focus>
    <concealed>N</concealed>
    <rptpm_default_value />
    <rptpm_name />
    <rptpm_seq_no>150</rptpm_seq_no>
    <list_view_position>C012</list_view_position>
    <field_source />
    <field_type>READONLY</field_type>
    <visibility>Y</visibility>
    <column_index>1</column_index>
    <row_index>0</row_index>
    <row_span>1</row_span>
    <column_span>1</column_span>
    <min_value>0</min_value>
    <max_value>0</max_value>
    <field_type_changeto />
    <gs_description />
    <gs_check />
    <gs_uncheck />
    <max_length>50</max_length>
    <character_casing>NORMAL</character_casing>
    <text_wrapping>NOWRAP</text_wrapping>
    <format />
    <expression>N</expression>
    <aliasename_1 />
    <view_mode>DATAGRID</view_mode>
    <control>GSTEXTBOX</control>
    <dynamic_search_position />
    <gw_status>UNSEND</gw_status>
    <data_source>APPLICATION</data_source>
    <modified_at>GSI-DTP-19-009</modified_at>
    <filter_columns />
    <static_filter_flag>N</static_filter_flag>
    <type>FORMS</type>
    <user_id>ADMIN</user_id>
    <allow_copy_flag>Y</allow_copy_flag>
    <special_valid_flag>N</special_valid_flag>
    <reference_2 />
    <form_id>FBL0306R1V1</form_id>
    <reference_1 />
    <reference_3 />
    <reference_4 />
    <filter_value /><second_row_visibilty />
  </FBL0306R1V1SEARCH1>
  <FBL0306R1V1LEVEL11>
    <lang_id>ENG</lang_id>
    <column_name>GROUP_GL_DESC</column_name>
    <display_name>Group GL Code Description</display_name>
    <data_type>STRING</data_type>
    <column_width>200</column_width>
    <default_cursor_focus>N</default_cursor_focus>
    <concealed>N</concealed>
    <rptpm_default_value />
    <rptpm_name />
    <rptpm_seq_no>150</rptpm_seq_no>
    <list_view_position>C009</list_view_position>
    <field_source />
    <field_type>READONLY</field_type>
    <visibility>N</visibility>
    <column_index>1</column_index>
    <row_index>0</row_index>
    <row_span>1</row_span>
    <column_span>1</column_span>
    <min_value>0</min_value>
    <max_value>0</max_value>
    <field_type_changeto />
    <gs_description />
    <gs_check />
    <gs_uncheck />
    <max_length>50</max_length>
    <character_casing>NORMAL</character_casing>
    <text_wrapping>NOWRAP</text_wrapping>
    <format />
    <expression>N</expression>
    <aliasename_1>gl_2.name</aliasename_1>
    <view_mode>DATAGRID</view_mode>
    <control>GSTEXTBOX</control>
    <dynamic_search_position />
    <gw_status>UNSEND</gw_status>
    <data_source>APPLICATION</data_source>
    <modified_at>GSI-DTP-19-009</modified_at>
    <filter_columns />
    <static_filter_flag>N</static_filter_flag>
    <type>FORMS</type>
    <user_id>ADMIN</user_id>
    <allow_copy_flag>Y</allow_copy_flag>
    <special_valid_flag>N</special_valid_flag>
    <reference_2 />
    <form_id>FBL0306R1V1</form_id>
    <reference_1 />
    <reference_3 />
    <reference_4 />
    <filter_value /><second_row_visibilty />
  </FBL0306R1V1LEVEL11>
  <FBL0306R1V1LEVEL11>
    <lang_id>ENG</lang_id>
    <column_name>DIVISION_NAME</column_name>
    <display_name>Division Name</display_name>
    <data_type>STRING</data_type>
    <column_width>150</column_width>
    <default_cursor_focus>N</default_cursor_focus>
    <concealed>N</concealed>
    <rptpm_default_value />
    <rptpm_name />
    <rptpm_seq_no>150</rptpm_seq_no>
    <list_view_position>C011</list_view_position>
    <field_source />
    <field_type>READONLY</field_type>
    <visibility>N</visibility>
    <column_index>1</column_index>
    <row_index>0</row_index>
    <row_span>1</row_span>
    <column_span>1</column_span>
    <min_value>0</min_value>
    <max_value>0</max_value>
    <field_type_changeto />
    <gs_description />
    <gs_check />
    <gs_uncheck />
    <max_length>50</max_length>
    <character_casing>NORMAL</character_casing>
    <text_wrapping>NOWRAP</text_wrapping>
    <format />
    <expression>N</expression>
    <aliasename_1>dep.description</aliasename_1>
    <view_mode>DATAGRID</view_mode>
    <control>GSTEXTBOX</control>
    <dynamic_search_position />
    <gw_status>UNSEND</gw_status>
    <data_source>APPLICATION</data_source>
    <modified_at>GSI-DTP-19-009</modified_at>
    <filter_columns />
    <static_filter_flag>N</static_filter_flag>
    <type>FORMS</type>
    <user_id>ADMIN</user_id>
    <allow_copy_flag>Y</allow_copy_flag>
    <special_valid_flag>N</special_valid_flag>
    <reference_2 />
    <form_id>FBL0306R1V1</form_id>
    <reference_1 />
    <reference_3 />
    <reference_4 />
    <filter_value /><second_row_visibilty />
  </FBL0306R1V1LEVEL11>
  <FBL0306R1V1LEVEL11>
    <lang_id>ENG</lang_id>
    <column_name>PAR_GL_DESC</column_name>
    <display_name>Parent ID Name</display_name>
    <data_type>STRING</data_type>
    <column_width>200</column_width>
    <default_cursor_focus>N</default_cursor_focus>
    <concealed>N</concealed>
    <rptpm_default_value />
    <rptpm_name />
    <rptpm_seq_no>150</rptpm_seq_no>
    <list_view_position>C005</list_view_position>
    <field_source />
    <field_type>READONLY</field_type>
    <visibility>N</visibility>
    <column_index>1</column_index>
    <row_index>0</row_index>
    <row_span>1</row_span>
    <column_span>1</column_span>
    <min_value>0</min_value>
    <max_value>0</max_value>
    <field_type_changeto />
    <gs_description />
    <gs_check />
    <gs_uncheck />
    <max_length>50</max_length>
    <character_casing>NORMAL</character_casing>
    <text_wrapping>NOWRAP</text_wrapping>
    <format />
    <expression>N</expression>
    <aliasename_1>gl_1.name</aliasename_1>
    <view_mode>DATAGRID</view_mode>
    <control>GSTEXTBOX</control>
    <dynamic_search_position />
    <gw_status>UNSEND</gw_status>
    <data_source>APPLICATION</data_source>
    <modified_at>GSI-DTP-19-009</modified_at>
    <filter_columns />
    <static_filter_flag>N</static_filter_flag>
    <type>FORMS</type>
    <user_id>ADMIN</user_id>
    <allow_copy_flag>Y</allow_copy_flag>
    <special_valid_flag>N</special_valid_flag>
    <reference_2 />
    <form_id>FBL0306R1V1</form_id>
    <reference_1 />
    <reference_3 />
    <reference_4 />
    <filter_value /><second_row_visibilty />
  </FBL0306R1V1LEVEL11>
  <FBL0306R1V1LEVEL11>
    <lang_id>ENG</lang_id>
    <column_name>ACL_NAME</column_name>
    <display_name>Account Class Name</display_name>
    <data_type>STRING</data_type>
    <column_width>150</column_width>
    <default_cursor_focus>N</default_cursor_focus>
    <concealed>N</concealed>
    <rptpm_default_value />
    <rptpm_name />
    <rptpm_seq_no>150</rptpm_seq_no>
    <list_view_position>C004</list_view_position>
    <field_source />
    <field_type>READONLY</field_type>
    <visibility>N</visibility>
    <column_index>1</column_index>
    <row_index>0</row_index>
    <row_span>1</row_span>
    <column_span>1</column_span>
    <min_value>0</min_value>
    <max_value>0</max_value>
    <field_type_changeto />
    <gs_description />
    <gs_check />
    <gs_uncheck />
    <max_length>50</max_length>
    <character_casing>NORMAL</character_casing>
    <text_wrapping>NOWRAP</text_wrapping>
    <format />
    <expression>N</expression>
    <aliasename_1>ac.name</aliasename_1>
    <view_mode>DATAGRID</view_mode>
    <control>GSTEXTBOX</control>
    <dynamic_search_position />
    <gw_status>UNSEND</gw_status>
    <data_source>APPLICATION</data_source>
    <modified_at>GSI-DTP-19-009</modified_at>
    <filter_columns />
    <static_filter_flag>N</static_filter_flag>
    <type>FORMS</type>
    <user_id>ADMIN</user_id>
    <allow_copy_flag>Y</allow_copy_flag>
    <special_valid_flag>N</special_valid_flag>
    <reference_2 />
    <form_id>FBL0306R1V1</form_id>
    <reference_1 />
    <reference_3 />
    <reference_4 />
    <filter_value /><second_row_visibilty />
  </FBL0306R1V1LEVEL11>
  <FBL0306R1V1LEVEL11>
    <lang_id>ENG</lang_id>
    <column_name>CONTROL_ACCOUNT</column_name>
    <display_name>Control Account</display_name>
    <data_type>STRING</data_type>
    <column_width>100</column_width>
    <default_cursor_focus>N</default_cursor_focus>
    <concealed>N</concealed>
    <rptpm_default_value />
    <rptpm_name />
    <rptpm_seq_no>150</rptpm_seq_no>
    <list_view_position>C007</list_view_position>
    <field_source>LISTREFERENCE</field_source>
    <field_type>MANDATORY</field_type>
    <visibility>Y</visibility>
    <column_index>1</column_index>
    <row_index>0</row_index>
    <row_span>1</row_span>
    <column_span>1</column_span>
    <min_value>0</min_value>
    <max_value>0</max_value>
    <field_type_changeto />
    <gs_description />
    <gs_check />
    <gs_uncheck />
    <max_length>50</max_length>
    <character_casing>NORMAL</character_casing>
    <text_wrapping>NOWRAP</text_wrapping>
    <format />
    <expression>N</expression>
    <aliasename_1>GL.CONTROL_ACCOUNT</aliasename_1>
    <view_mode>DATAGRID</view_mode>
    <control>GSTEXTBOX</control>
    <dynamic_search_position />
    <gw_status>UNSEND</gw_status>
    <data_source>APPLICATION</data_source>
    <modified_at>GSI-DTP-19-009</modified_at>
    <filter_columns />
    <static_filter_flag>N</static_filter_flag>
    <type>FORMS</type>
    <user_id>ADMIN</user_id>
    <allow_copy_flag>Y</allow_copy_flag>
    <special_valid_flag>N</special_valid_flag>
    <reference_2 />
    <form_id>FBL0306R1V1</form_id>
    <reference_1 />
    <reference_3 />
    <reference_4 />
    <filter_value /><second_row_visibilty />
  </FBL0306R1V1LEVEL11>
  <FBL0306R1V1LEVEL11>
    <lang_id>ENG</lang_id>
    <column_name>DELMARK</column_name>
    <display_name>Delmark</display_name>
    <data_type>STRING</data_type>
    <column_width>1</column_width>
    <default_cursor_focus>N</default_cursor_focus>
    <concealed>N</concealed>
    <rptpm_default_value />
    <rptpm_name />
    <rptpm_seq_no>150</rptpm_seq_no>
    <list_view_position>C013</list_view_position>
    <field_source />
    <field_type>MANDATORY</field_type>
    <visibility>Y</visibility>
    <column_index>1</column_index>
    <row_index>0</row_index>
    <row_span>1</row_span>
    <column_span>1</column_span>
    <min_value>0</min_value>
    <max_value>0</max_value>
    <field_type_changeto />
    <gs_description />
    <gs_check />
    <gs_uncheck />
    <max_length>50</max_length>
    <character_casing>NORMAL</character_casing>
    <text_wrapping>NOWRAP</text_wrapping>
    <format />
    <expression>N</expression>
    <aliasename_1>GL.DELMARK</aliasename_1>
    <view_mode>DATAGRID</view_mode>
    <control>GSTEXTBOX</control>
    <dynamic_search_position />
    <gw_status>UNSEND</gw_status>
    <data_source>APPLICATION</data_source>
    <modified_at>GSI-DTP-19-009</modified_at>
    <filter_columns />
    <static_filter_flag>N</static_filter_flag>
    <type>FORMS</type>
    <user_id>ADMIN</user_id>
    <allow_copy_flag>Y</allow_copy_flag>
    <special_valid_flag>N</special_valid_flag>
    <reference_2 />
    <form_id>FBL0306R1V1</form_id>
    <reference_1 />
    <reference_3 />
    <reference_4 />
    <filter_value /><second_row_visibilty />
  </FBL0306R1V1LEVEL11>
  <FBL0306R1V1LEVEL11>
    <lang_id>ENG</lang_id>
    <column_name>GL_ID</column_name>
    <display_name>ID</display_name>
    <data_type>STRING</data_type>
    <column_width>50</column_width>
    <default_cursor_focus>N</default_cursor_focus>
    <concealed>N</concealed>
    <rptpm_default_value />
    <rptpm_name />
    <rptpm_seq_no>150</rptpm_seq_no>
    <list_view_position>C001</list_view_position>
    <field_source />
    <field_type>MANDATORY</field_type>
    <visibility>Y</visibility>
    <column_index>1</column_index>
    <row_index>0</row_index>
    <row_span>1</row_span>
    <column_span>1</column_span>
    <min_value>0</min_value>
    <max_value>0</max_value>
    <field_type_changeto>SAVE_AFTER_READONLY</field_type_changeto>
    <gs_description />
    <gs_check />
    <gs_uncheck />
    <max_length>50</max_length>
    <character_casing>UPPER</character_casing>
    <text_wrapping>NOWRAP</text_wrapping>
    <format />
    <expression>N</expression>
    <aliasename_1>GL.GL_ID</aliasename_1>
    <view_mode>DATAGRID</view_mode>
    <control>GSTEXTBOX</control>
    <dynamic_search_position>S001</dynamic_search_position>
    <gw_status>UNSEND</gw_status>
    <data_source>APPLICATION</data_source>
    <modified_at>GSI-DTP-19-009</modified_at>
    <filter_columns />
    <static_filter_flag>N</static_filter_flag>
    <type>FORMS</type>
    <user_id>ADMIN</user_id>
    <allow_copy_flag>Y</allow_copy_flag>
    <special_valid_flag>N</special_valid_flag>
    <reference_2 />
    <form_id>FBL0306R1V1</form_id>
    <reference_1 />
    <reference_3>LIKE</reference_3>
    <reference_4 />
    <filter_value /><second_row_visibilty />
  </FBL0306R1V1LEVEL11>
  <FBL0306R1V1LEVEL11>
    <lang_id>ENG</lang_id>
    <column_name>NAME</column_name>
    <display_name>Name</display_name>
    <data_type>STRING</data_type>
    <column_width>79</column_width>
    <default_cursor_focus>N</default_cursor_focus>
    <concealed>N</concealed>
    <rptpm_default_value />
    <rptpm_name />
    <rptpm_seq_no>150</rptpm_seq_no>
    <list_view_position>C002</list_view_position>
    <field_source />
    <field_type>MANDATORY</field_type>
    <visibility>Y</visibility>
    <column_index>1</column_index>
    <row_index>0</row_index>
    <row_span>1</row_span>
    <column_span>1</column_span>
    <min_value>0</min_value>
    <max_value>0</max_value>
    <field_type_changeto />
    <gs_description />
    <gs_check />
    <gs_uncheck />
    <max_length>50</max_length>
    <character_casing>NORMAL</character_casing>
    <text_wrapping>NOWRAP</text_wrapping>
    <format />
    <expression>N</expression>
    <aliasename_1>GL.NAME</aliasename_1>
    <view_mode>DATAGRID</view_mode>
    <control>GSTEXTBOX</control>
    <dynamic_search_position>S002</dynamic_search_position>
    <gw_status>UNSEND</gw_status>
    <data_source>APPLICATION</data_source>
    <modified_at>GSI-DTP-19-009</modified_at>
    <filter_columns />
    <static_filter_flag>N</static_filter_flag>
    <type>FORMS</type>
    <user_id>ADMIN</user_id>
    <allow_copy_flag>Y</allow_copy_flag>
    <special_valid_flag>N</special_valid_flag>
    <reference_2 />
    <form_id>FBL0306R1V1</form_id>
    <reference_1 />
    <reference_3>LIKE</reference_3>
    <reference_4 />
    <filter_value /><second_row_visibilty />
  </FBL0306R1V1LEVEL11>
  <FBL0306R1V1LEVEL11>
    <lang_id>ENG</lang_id>
    <column_name>LONG_NAME</column_name>
    <display_name>English Name</display_name>
    <data_type>STRING</data_type>
    <column_width>214</column_width>
    <default_cursor_focus>N</default_cursor_focus>
    <concealed>N</concealed>
    <rptpm_default_value />
    <rptpm_name />
    <rptpm_seq_no>150</rptpm_seq_no>
    <list_view_position>C010</list_view_position>
    <field_source />
    <field_type>OPTIONAL</field_type>
    <visibility>N</visibility>
    <column_index>1</column_index>
    <row_index>0</row_index>
    <row_span>1</row_span>
    <column_span>1</column_span>
    <min_value>0</min_value>
    <max_value>0</max_value>
    <field_type_changeto />
    <gs_description />
    <gs_check />
    <gs_uncheck />
    <max_length>50</max_length>
    <character_casing>NORMAL</character_casing>
    <text_wrapping>NOWRAP</text_wrapping>
    <format />
    <expression>N</expression>
    <aliasename_1>GL.LONG_NAME</aliasename_1>
    <view_mode>DATAGRID</view_mode>
    <control>GSTEXTBOX</control>
    <dynamic_search_position />
    <gw_status>UNSEND</gw_status>
    <data_source>APPLICATION</data_source>
    <modified_at>GSI-DTP-19-009</modified_at>
    <filter_columns />
    <static_filter_flag>N</static_filter_flag>
    <type>FORMS</type>
    <user_id>ADMIN</user_id>
    <allow_copy_flag>Y</allow_copy_flag>
    <special_valid_flag>N</special_valid_flag>
    <reference_2 />
    <form_id>FBL0306R1V1</form_id>
    <reference_1 />
    <reference_3 />
    <reference_4 />
    <filter_value /><second_row_visibilty />
  </FBL0306R1V1LEVEL11>
  <FBL0306R1V1LEVEL11>
    <lang_id>ENG</lang_id>
    <column_name>ACL_ID</column_name>
    <display_name>Account Classes</display_name>
    <data_type>STRING</data_type>
    <column_width>104</column_width>
    <default_cursor_focus>N</default_cursor_focus>
    <concealed>N</concealed>
    <rptpm_default_value />
    <rptpm_name />
    <rptpm_seq_no>150</rptpm_seq_no>
    <list_view_position>C003</list_view_position>
    <field_source>MASTERLOVACCOUNTCLASSES</field_source>
    <field_type>MANDATORY</field_type>
    <visibility>Y</visibility>
    <column_index>1</column_index>
    <row_index>0</row_index>
    <row_span>1</row_span>
    <column_span>1</column_span>
    <min_value>0</min_value>
    <max_value>0</max_value>
    <field_type_changeto />
    <gs_description>ACL_NAME</gs_description>
    <gs_check />
    <gs_uncheck />
    <max_length>50</max_length>
    <character_casing>NORMAL</character_casing>
    <text_wrapping>NOWRAP</text_wrapping>
    <format />
    <expression>N</expression>
    <aliasename_1>GL.ACL_ID</aliasename_1>
    <view_mode>DATAGRID</view_mode>
    <control>GSTEXTBOX</control>
    <dynamic_search_position />
    <gw_status>UNSEND</gw_status>
    <data_source>APPLICATION</data_source>
    <modified_at>GSI-DTP-19-009</modified_at>
    <filter_columns />
    <static_filter_flag>N</static_filter_flag>
    <type>FORMS</type>
    <user_id>ADMIN</user_id>
    <allow_copy_flag>Y</allow_copy_flag>
    <special_valid_flag>N</special_valid_flag>
    <reference_2 />
    <form_id>FBL0306R1V1</form_id>
    <reference_1 />
    <reference_3 />
    <reference_4 />
    <filter_value /><second_row_visibilty />
  </FBL0306R1V1LEVEL11>
  <FBL0306R1V1LEVEL11>
    <lang_id>ENG</lang_id>
    <column_name>PAR_GL_ID</column_name>
    <display_name>Parent ID</display_name>
    <data_type>STRING</data_type>
    <column_width>88</column_width>
    <default_cursor_focus>N</default_cursor_focus>
    <concealed>N</concealed>
    <rptpm_default_value />
    <rptpm_name />
    <rptpm_seq_no>150</rptpm_seq_no>
    <list_view_position>C004</list_view_position>
    <field_source>MASTERLOVPARENTGLID</field_source>
    <field_type>OPTIONAL</field_type>
    <visibility>N</visibility>
    <column_index>1</column_index>
    <row_index>0</row_index>
    <row_span>1</row_span>
    <column_span>1</column_span>
    <min_value>0</min_value>
    <max_value>0</max_value>
    <field_type_changeto />
    <gs_description>PAR_GL_DESC</gs_description>
    <gs_check />
    <gs_uncheck />
    <max_length>50</max_length>
    <character_casing>NORMAL</character_casing>
    <text_wrapping>NOWRAP</text_wrapping>
    <format />
    <expression>N</expression>
    <aliasename_1>GL.PAR_GL_ID</aliasename_1>
    <view_mode>DATAGRID</view_mode>
    <control>GSTEXTBOX</control>
    <dynamic_search_position />
    <gw_status>UNSEND</gw_status>
    <data_source>APPLICATION</data_source>
    <modified_at>GSI-DTP-19-009</modified_at>
    <filter_columns />
    <static_filter_flag>N</static_filter_flag>
    <type>FORMS</type>
    <user_id>ADMIN</user_id>
    <allow_copy_flag>Y</allow_copy_flag>
    <special_valid_flag>N</special_valid_flag>
    <reference_2 />
    <form_id>FBL0306R1V1</form_id>
    <reference_1 />
    <reference_3 />
    <reference_4 />
    <filter_value /><second_row_visibilty />
  </FBL0306R1V1LEVEL11>
  <FBL0306R1V1LEVEL11>
    <lang_id>ENG</lang_id>
    <column_name>DETAIL_ACCOUNT</column_name>
    <display_name>Detail Account</display_name>
    <data_type>STRING</data_type>
    <column_width>95</column_width>
    <default_cursor_focus>N</default_cursor_focus>
    <concealed>N</concealed>
    <rptpm_default_value />
    <rptpm_name />
    <rptpm_seq_no>150</rptpm_seq_no>
    <list_view_position>C006</list_view_position>
    <field_source />
    <field_type>READONLY</field_type>
    <visibility>Y</visibility>
    <column_index>1</column_index>
    <row_index>0</row_index>
    <row_span>1</row_span>
    <column_span>1</column_span>
    <min_value>0</min_value>
    <max_value>0</max_value>
    <field_type_changeto />
    <gs_description />
    <gs_check />
    <gs_uncheck />
    <max_length>50</max_length>
    <character_casing>NORMAL</character_casing>
    <text_wrapping>NOWRAP</text_wrapping>
    <format />
    <expression>N</expression>
    <aliasename_1>GL.DETAIL_ACCOUNT</aliasename_1>
    <view_mode>DATAGRID</view_mode>
    <control>GSTEXTBOX</control>
    <dynamic_search_position />
    <gw_status>UNSEND</gw_status>
    <data_source>APPLICATION</data_source>
    <modified_at>GSI-DTP-19-009</modified_at>
    <filter_columns />
    <static_filter_flag>N</static_filter_flag>
    <type>FORMS</type>
    <user_id>ADMIN</user_id>
    <allow_copy_flag>Y</allow_copy_flag>
    <special_valid_flag>N</special_valid_flag>
    <reference_2 />
    <form_id>FBL0306R1V1</form_id>
    <reference_1 />
    <reference_3 />
    <reference_4 />
    <filter_value /><second_row_visibilty />
  </FBL0306R1V1LEVEL11>
  <FBL0306R1V1LEVEL11>
    <lang_id>ENG</lang_id>
    <column_name>DIVISION</column_name>
    <display_name>Division</display_name>
    <data_type>STRING</data_type>
    <column_width>69</column_width>
    <default_cursor_focus>N</default_cursor_focus>
    <concealed>N</concealed>
    <rptpm_default_value />
    <rptpm_name />
    <rptpm_seq_no>150</rptpm_seq_no>
    <list_view_position>C010</list_view_position>
    <field_source>DEPARTMENTS</field_source>
    <field_type>MANDATORY</field_type>
    <visibility>N</visibility>
    <column_index>1</column_index>
    <row_index>0</row_index>
    <row_span>1</row_span>
    <column_span>1</column_span>
    <min_value>0</min_value>
    <max_value>0</max_value>
    <field_type_changeto />
    <gs_description>DIVISION_NAME</gs_description>
    <gs_check />
    <gs_uncheck />
    <max_length>50</max_length>
    <character_casing>NORMAL</character_casing>
    <text_wrapping>NOWRAP</text_wrapping>
    <format />
    <expression>N</expression>
    <aliasename_1>GL.DIVISION</aliasename_1>
    <view_mode>DATAGRID</view_mode>
    <control>GSTEXTBOX</control>
    <dynamic_search_position />
    <gw_status>UNSEND</gw_status>
    <data_source>APPLICATION</data_source>
    <modified_at>GSI-DTP-19-009</modified_at>
    <filter_columns />
    <static_filter_flag>N</static_filter_flag>
    <type>FORMS</type>
    <user_id>ADMIN</user_id>
    <allow_copy_flag>Y</allow_copy_flag>
    <special_valid_flag>N</special_valid_flag>
    <reference_2 />
    <form_id>FBL0306R1V1</form_id>
    <reference_1 />
    <reference_3 />
    <reference_4 />
    <filter_value /><second_row_visibilty />
  </FBL0306R1V1LEVEL11>
  <FBL0306R1V1LEVEL11>
    <lang_id>ENG</lang_id>
    <column_name>GROUP_GL_ID</column_name>
    <display_name>Group GL Code</display_name>
    <data_type>STRING</data_type>
    <column_width>95</column_width>
    <default_cursor_focus>N</default_cursor_focus>
    <concealed>N</concealed>
    <rptpm_default_value />
    <rptpm_name />
    <rptpm_seq_no>150</rptpm_seq_no>
    <list_view_position>C008</list_view_position>
    <field_source />
    <field_type>OPTIONAL</field_type>
    <visibility>N</visibility>
    <column_index>1</column_index>
    <row_index>0</row_index>
    <row_span>1</row_span>
    <column_span>1</column_span>
    <min_value>0</min_value>
    <max_value>0</max_value>
    <field_type_changeto />
    <gs_description>GROUP_GL_DESC</gs_description>
    <gs_check />
    <gs_uncheck />
    <max_length>50</max_length>
    <character_casing>NORMAL</character_casing>
    <text_wrapping>NOWRAP</text_wrapping>
    <format />
    <expression>N</expression>
    <aliasename_1>GL.GROUP_GL_ID</aliasename_1>
    <view_mode>DATAGRID</view_mode>
    <control>GSTEXTBOX</control>
    <dynamic_search_position />
    <gw_status>UNSEND</gw_status>
    <data_source>APPLICATION</data_source>
    <modified_at>GSI-DTP-19-009</modified_at>
    <filter_columns />
    <static_filter_flag>N</static_filter_flag>
    <type>FORMS</type>
    <user_id>ADMIN</user_id>
    <allow_copy_flag>Y</allow_copy_flag>
    <special_valid_flag>N</special_valid_flag>
    <reference_2 />
    <form_id>FBL0306R1V1</form_id>
    <reference_1 />
    <reference_3 />
    <reference_4 />
    <filter_value /><second_row_visibilty />
  </FBL0306R1V1LEVEL11>
  <FBL0306R1V1LEVEL11>
    <lang_id>ENG</lang_id>
    <column_name>GL_LEVEL</column_name>
    <display_name>Level</display_name>
    <data_type>STRING</data_type>
    <column_width>150</column_width>
    <default_cursor_focus>N</default_cursor_focus>
    <concealed>N</concealed>
    <rptpm_default_value />
    <rptpm_name />
    <rptpm_seq_no>150</rptpm_seq_no>
    <list_view_position>C015</list_view_position>
    <field_source />
    <field_type>READONLY</field_type>
    <visibility>N</visibility>
    <column_index>1</column_index>
    <row_index>0</row_index>
    <row_span>1</row_span>
    <column_span>1</column_span>
    <min_value>0</min_value>
    <max_value>0</max_value>
    <field_type_changeto />
    <gs_description />
    <gs_check />
    <gs_uncheck />
    <max_length>50</max_length>
    <character_casing>NORMAL</character_casing>
    <text_wrapping>NOWRAP</text_wrapping>
    <format />
    <expression>N</expression>
    <aliasename_1 />
    <view_mode>DATAGRID</view_mode>
    <control>GSTEXTBOX</control>
    <dynamic_search_position />
    <gw_status>UNSEND</gw_status>
    <data_source>APPLICATION</data_source>
    <modified_at>GSI-DTP-19-009</modified_at>
    <filter_columns />
    <static_filter_flag>N</static_filter_flag>
    <type>FORMS</type>
    <user_id>ADMIN</user_id>
    <allow_copy_flag>Y</allow_copy_flag>
    <special_valid_flag>N</special_valid_flag>
    <reference_2 />
    <form_id>FBL0306R1V1</form_id>
    <reference_1 />
    <reference_3 />
    <reference_4 />
    <filter_value /><second_row_visibilty />
  </FBL0306R1V1LEVEL11>
  <FBL0306R1V1LEVEL11>
    <lang_id>ENG</lang_id>
    <column_name>CREATED_BY</column_name>
    <display_name>Created By</display_name>
    <data_type>STRING</data_type>
    <column_width>69</column_width>
    <default_cursor_focus>N</default_cursor_focus>
    <concealed>N</concealed>
    <rptpm_default_value />
    <rptpm_name />
    <rptpm_seq_no />
    <list_view_position>C011</list_view_position>
    <field_source />
    <field_type>READONLY</field_type>
    <visibility>Y</visibility>
    <column_index>1</column_index>
    <row_index>0</row_index>
    <row_span>1</row_span>
    <column_span>1</column_span>
    <min_value>0</min_value>
    <max_value>0</max_value>
    <field_type_changeto />
    <gs_description />
    <gs_check />
    <gs_uncheck />
    <max_length>50</max_length>
    <character_casing>NORMAL</character_casing>
    <text_wrapping>NOWRAP</text_wrapping>
    <format />
    <expression>N</expression>
    <aliasename_1>GL.CREATED_BY</aliasename_1>
    <view_mode>DATAGRID</view_mode>
    <control>GSTEXTBOX</control>
    <dynamic_search_position />
    <gw_status>UNSEND</gw_status>
    <data_source>APPLICATION</data_source>
    <modified_at>GSI-DTP-18-008</modified_at>
    <filter_columns />
    <static_filter_flag>N</static_filter_flag>
    <type>FORMS</type>
    <user_id>ADMIN</user_id>
    <allow_copy_flag>Y</allow_copy_flag>
    <special_valid_flag>N</special_valid_flag>
    <reference_2 />
    <form_id>FBL0306R1V1</form_id>
    <reference_1 />
    <reference_3 />
    <reference_4 />
    <filter_value /><second_row_visibilty />
  </FBL0306R1V1LEVEL11>
  <FBL0306R1V1LEVEL11>
    <lang_id>ENG</lang_id>
    <column_name>MODIFIED_BY</column_name>
    <display_name>Modified By</display_name>
    <data_type>STRING</data_type>
    <column_width>77</column_width>
    <default_cursor_focus>N</default_cursor_focus>
    <concealed>N</concealed>
    <rptpm_default_value />
    <rptpm_name />
    <rptpm_seq_no />
    <list_view_position>C012</list_view_position>
    <field_source />
    <field_type>READONLY</field_type>
    <visibility>Y</visibility>
    <column_index>1</column_index>
    <row_index>0</row_index>
    <row_span>1</row_span>
    <column_span>1</column_span>
    <min_value>0</min_value>
    <max_value>0</max_value>
    <field_type_changeto />
    <gs_description />
    <gs_check />
    <gs_uncheck />
    <max_length>50</max_length>
    <character_casing>NORMAL</character_casing>
    <text_wrapping>NOWRAP</text_wrapping>
    <format />
    <expression>N</expression>
    <aliasename_1>GL.MODIFIED_BY</aliasename_1>
    <view_mode>DATAGRID</view_mode>
    <control>GSTEXTBOX</control>
    <dynamic_search_position />
    <gw_status>UNSEND</gw_status>
    <data_source>APPLICATION</data_source>
    <modified_at>GSI-DTP-18-008</modified_at>
    <filter_columns />
    <static_filter_flag>N</static_filter_flag>
    <type>FORMS</type>
    <user_id>ADMIN</user_id>
    <allow_copy_flag>Y</allow_copy_flag>
    <special_valid_flag>N</special_valid_flag>
    <reference_2 />
    <form_id>FBL0306R1V1</form_id>
    <reference_1 />
    <reference_3 />
    <reference_4 />
    <filter_value /><second_row_visibilty />
  </FBL0306R1V1LEVEL11>
</NewDataSet>