<?xml version="1.0" standalone="yes"?>
<DocumentElement>
  <default>
    <label>Add</label>
    <path>Images/Add icon.png</path>
    <visibility>Y</visibility>
    <flag>enable</flag>
	<list_view_position>01</list_view_position>
  </default>
  <default>
    <label>Save</label>
    <path>Images/Save icon.png</path>
    <visibility>Y</visibility>
    <flag>enable</flag>
	<list_view_position>02</list_view_position>
  </default>
  <default>
    <label>Delete</label>
    <path>Images/Delete icon.png</path>
    <visibility>Y</visibility>
    <flag>enable</flag>
	<list_view_position>03</list_view_position>
  </default>
  <default>
    <label>Refresh</label>
    <path>Images/Refresh icon.png</path>
    <visibility>Y</visibility>
    <flag>enable</flag>
	<list_view_position>04</list_view_position>
  </default>
  <default>
    <label>Search</label>
    <path>Images/search_icon_new2.png</path>
    <visibility>Y</visibility>
    <flag>enable</flag>
	<list_view_position>05</list_view_position>
  </default>
  <default>
    <label>Confirm</label>
    <path>Images/Confirm icon.png</path>
    <visibility>Y</visibility>
    <flag>enable</flag>
	<list_view_position>06</list_view_position>
  </default>
  <default>
    <label>Unconfirm</label>
    <path>Images/Unconfirm icon.png</path>
    <visibility>Y</visibility>
    <flag>enable</flag>
	<list_view_position>07</list_view_position>
  </default>
  <default>
    <label>Cancel</label>
    <path>Images/Cancel icon.png</path>
    <visibility>Y</visibility>
    <flag>enable</flag>
	<list_view_position>08</list_view_position>
  </default>
  <default>
    <label>Summary</label>
    <path>Images/Summary icon.png</path>
    <visibility>Y</visibility>
    <flag>enable</flag>
	<list_view_position>10</list_view_position>
  </default>
  <default>
    <label>Find By Column</label>
    <path>Images/Find by column button.png</path>
    <visibility>Y</visibility>
    <flag>enable</flag>
	<list_view_position>11</list_view_position>
  </default>
  <default>
    <label>Document</label>
    <path>Images/L1_Report icon.png</path>
    <visibility>Y</visibility>
    <flag>enable</flag>
	<list_view_position>12</list_view_position>
  </default>
  <default>
    <label>Attachments</label>
    <path>Images/Attachments icon.png</path>
    <visibility>Y</visibility>
    <flag>enable</flag>
	<list_view_position>13</list_view_position>
  </default>
  <default>
    <label>Editor</label>
    <path>Images/Editor.png</path>
    <visibility>Y</visibility>
    <flag>enable</flag>
	<list_view_position>14</list_view_position>
  </default>
  <default>
    <label>Audit Trail</label>
    <path>Images/Audit Trial.png</path>
    <visibility>Y</visibility>
    <flag>enable</flag>
	<list_view_position>15</list_view_position>
  </default>
  <default>
    <label>Upload</label>
    <path>Images/Upload Excel.png</path>
    <visibility>Y</visibility>
    <flag>enable</flag>
	<list_view_position>16</list_view_position>
  </default>
  <default>
    <label>Home</label>
    <path>Images/Home Icon.png</path>
    <visibility>Y</visibility>
    <flag>enable</flag>
	<list_view_position>17</list_view_position>
  </default>
  <FOP0101R1V1LEVEL11>
    <label>Add</label>
    <path>Images/Add icon.png</path>
    <visibility>Y</visibility>
    <flag>enable</flag>
	<list_view_position>01</list_view_position>
  </FOP0101R1V1LEVEL11>
  <FOP0101R1V1LEVEL11>
    <label>Save</label>
    <path>Images/Save icon.png</path>
    <visibility>Y</visibility>
    <flag>enable</flag>
	<list_view_position>02</list_view_position>
  </FOP0101R1V1LEVEL11>
  <FOP0101R1V1LEVEL11>
    <label>Delete</label>
    <path>Images/Delete icon.png</path>
    <visibility>Y</visibility>
    <flag>enable</flag>
	<list_view_position>03</list_view_position>
  </FOP0101R1V1LEVEL11>
  <FOP0101R1V1LEVEL11>
    <label>Refresh</label>
    <path>Images/Refresh icon.png</path>
    <visibility>Y</visibility>
    <flag>enable</flag>
	<list_view_position>04</list_view_position>
  </FOP0101R1V1LEVEL11>
  <FOP0101R1V1LEVEL11>
    <label>Search</label>
    <path>Images/search_icon_new2.png</path>
    <visibility>Y</visibility>
    <flag>enable</flag>
	<list_view_position>05</list_view_position>
  </FOP0101R1V1LEVEL11>
  <FOP0101R1V1LEVEL11>
    <label>Confirm</label>
    <path>Images/Confirm icon.png</path>
    <visibility>Y</visibility>
    <flag>enable</flag>
	<list_view_position>06</list_view_position>
  </FOP0101R1V1LEVEL11>
  <FOP0101R1V1LEVEL11>
    <label>Unconfirm</label>
    <path>Images/Unconfirm icon.png</path>
    <visibility>Y</visibility>
    <flag>enable</flag>
	<list_view_position>07</list_view_position>
  </FOP0101R1V1LEVEL11>
  <FOP0101R1V1LEVEL11>
    <label>Cancel</label>
    <path>Images/Cancel icon.png</path>
    <visibility>Y</visibility>
    <flag>enable</flag>
	<list_view_position>08</list_view_position>
  </FOP0101R1V1LEVEL11>
  <FOP0101R1V1LEVEL11>
    <label>Summary</label>
    <path>Images/Summary icon.png</path>
    <visibility>Y</visibility>
    <flag>enable</flag>
	<list_view_position>10</list_view_position>
  </FOP0101R1V1LEVEL11>
  <FOP0101R1V1LEVEL11>
    <label>Find By Column</label>
    <path>Images/Find by column button.png</path>
    <visibility>Y</visibility>
    <flag>enable</flag>
	<list_view_position>11</list_view_position>
  </FOP0101R1V1LEVEL11>
  <FOP0101R1V1LEVEL11>
    <label>Document</label>
    <path>Images/L1_Report icon.png</path>
    <visibility>Y</visibility>
    <flag>enable</flag>
	<list_view_position>12</list_view_position>
  </FOP0101R1V1LEVEL11>
  <FOP0101R1V1LEVEL11>
    <label>Attachments</label>
    <path>Images/Attachments icon.png</path>
    <visibility>Y</visibility>
    <flag>enable</flag>
	<list_view_position>13</list_view_position>
  </FOP0101R1V1LEVEL11>
  <FOP0101R1V1LEVEL11>
    <label>Editor</label>
    <path>Images/Editor.png</path>
    <visibility>Y</visibility>
    <flag>enable</flag>
	<list_view_position>14</list_view_position>
  </FOP0101R1V1LEVEL11>
  <FOP0101R1V1LEVEL11>
    <label>Audit Trail</label>
    <path>Images/Audit Trial.png</path>
    <visibility>Y</visibility>
    <flag>enable</flag>
	<list_view_position>15</list_view_position>
  </FOP0101R1V1LEVEL11>
  <FOP0101R1V1LEVEL11>
    <label>Upload</label>
    <path>Images/Upload Excel.png</path>
    <visibility>Y</visibility>
    <flag>enable</flag>
	<list_view_position>16</list_view_position>
  </FOP0101R1V1LEVEL11>
  <FOP0101R1V1LEVEL11>
    <label>Home</label>
    <path>Images/Home Icon.png</path>
    <visibility>Y</visibility>
    <flag>enable</flag>
	<list_view_position>17</list_view_position>
  </FOP0101R1V1LEVEL11>
</DocumentElement>