<?xml version="1.0" standalone="yes"?>
<NewDataSet>
  <xs:schema id="NewDataSet" xmlns="" xmlns:xs="http://www.w3.org/2001/XMLSchema" xmlns:msdata="urn:schemas-microsoft-com:xml-msdata">
    <xs:element name="NewDataSet" msdata:IsDataSet="true" msdata:MainDataTable="Table" msdata:UseCurrentLocale="true">
      <xs:complexType>
        <xs:choice minOccurs="0" maxOccurs="unbounded">
          <xs:element name="Table">
            <xs:complexType>
              <xs:sequence>
                <xs:element name="BE_ID" type="xs:string" minOccurs="0" />
                <xs:element name="BECUR_ID" type="xs:string" minOccurs="0" />
                <xs:element name="NAME" type="xs:string" minOccurs="0" />
                <xs:element name="DEFAULT_EXRATE" type="xs:string" minOccurs="0" />
                <xs:element name="SYMBOL" type="xs:string" minOccurs="0" />
                <xs:element name="REFERENCE_NO_1" type="xs:string" minOccurs="0" />
                <xs:element name="REFERENCE_NO_2" type="xs:string" minOccurs="0" />
                <xs:element name="REFERENCE_NO_3" type="xs:string" minOccurs="0" />
                <xs:element name="DELMARK" type="xs:string" minOccurs="0" />
                <xs:element name="GW_STATUS" type="xs:string" minOccurs="0" />
                <xs:element name="CREATED_AT" type="xs:string" minOccurs="0" />
                <xs:element name="CREATED_BY" type="xs:string" minOccurs="0" />
                <xs:element name="CREATED_ON" type="xs:string" minOccurs="0" />
                <xs:element name="MODIFIED_AT" type="xs:string" minOccurs="0" />
                <xs:element name="MODIFIED_BY" type="xs:string" minOccurs="0" />
                <xs:element name="MODIFIED_ON" type="xs:string" minOccurs="0" />
                <xs:element name="SYS_STAMP" type="xs:string" minOccurs="0" />
                <xs:element name="DB_ROW_COUNT" type="xs:string" minOccurs="0" />
              </xs:sequence>
            </xs:complexType>
          </xs:element>
        </xs:choice>
      </xs:complexType>
    </xs:element>
  </xs:schema>
  <Table>
    <BE_ID>BSPL</BE_ID>
    <BECUR_ID>ID-1</BECUR_ID>
    <NAME>Name-1</NAME>
    <DEFAULT_EXRATE>2</DEFAULT_EXRATE>
    <SYMBOL>Symbol-1</SYMBOL>
    <REFERENCE_NO_1>0</REFERENCE_NO_1>
    <REFERENCE_NO_2>0</REFERENCE_NO_2>
    <REFERENCE_NO_3>0</REFERENCE_NO_3>
    <DELMARK>N</DELMARK>
    <GW_STATUS>UNSEND</GW_STATUS>
    <CREATED_AT>GSIVM-SVR-DEVSC</CREATED_AT>
    <CREATED_BY>PRAVEEN</CREATED_BY>
    <CREATED_ON>2021-05-26T17:53:33+05:30</CREATED_ON>
    <MODIFIED_AT>GSIVM-SVR-DEVSC</MODIFIED_AT>
    <MODIFIED_BY>PRAVEEN</MODIFIED_BY>
    <MODIFIED_ON>2021-05-26T17:53:33+05:30</MODIFIED_ON>
    <SYS_STAMP>GSIVM-SVR-DEVSCPRAVEEN5/26/2021 5:53:33 PM</SYS_STAMP>
    <DB_ROW_COUNT>4</DB_ROW_COUNT>
  </Table>
  <Table>
    <BE_ID>BSPL</BE_ID>
    <BECUR_ID>ID-2</BECUR_ID>
    <NAME>Name-2</NAME>
    <DEFAULT_EXRATE>2</DEFAULT_EXRATE>
    <SYMBOL>Symbol-2</SYMBOL>
    <REFERENCE_NO_1>0</REFERENCE_NO_1>
    <REFERENCE_NO_2>0</REFERENCE_NO_2>
    <REFERENCE_NO_3>0</REFERENCE_NO_3>
    <DELMARK>N</DELMARK>
    <GW_STATUS>UNSEND</GW_STATUS>
    <CREATED_AT>GSIVM-SVR-DEVSC</CREATED_AT>
    <CREATED_BY>PRAVEEN</CREATED_BY>
    <CREATED_ON>2021-05-26T17:53:33+05:30</CREATED_ON>
    <MODIFIED_AT>GSIVM-SVR-DEVSC</MODIFIED_AT>
    <MODIFIED_BY>PRAVEEN</MODIFIED_BY>
    <MODIFIED_ON>2021-05-26T17:53:33+05:30</MODIFIED_ON>
    <SYS_STAMP>GSIVM-SVR-DEVSCPRAVEEN5/26/2021 5:53:33 PM</SYS_STAMP>
    <DB_ROW_COUNT>4</DB_ROW_COUNT>
  </Table>
  <Table>
    <BE_ID>BSPL</BE_ID>
    <BECUR_ID>ID-3</BECUR_ID>
    <NAME>Name-3</NAME>
    <DEFAULT_EXRATE>2</DEFAULT_EXRATE>
    <SYMBOL>Symbol-3</SYMBOL>
    <REFERENCE_NO_1>0</REFERENCE_NO_1>
    <REFERENCE_NO_2>0</REFERENCE_NO_2>
    <REFERENCE_NO_3>0</REFERENCE_NO_3>
    <DELMARK>N</DELMARK>
    <GW_STATUS>UNSEND</GW_STATUS>
    <CREATED_AT>GSIVM-SVR-DEVSC</CREATED_AT>
    <CREATED_BY>PRAVEEN</CREATED_BY>
    <CREATED_ON>2021-05-26T17:53:33+05:30</CREATED_ON>
    <MODIFIED_AT>GSIVM-SVR-DEVSC</MODIFIED_AT>
    <MODIFIED_BY>PRAVEEN</MODIFIED_BY>
    <MODIFIED_ON>2021-05-26T17:53:33+05:30</MODIFIED_ON>
    <SYS_STAMP>GSIVM-SVR-DEVSCPRAVEEN5/26/2021 5:53:33 PM</SYS_STAMP>
    <DB_ROW_COUNT>4</DB_ROW_COUNT>
  </Table>
  <Table>
    <BE_ID>BSPL</BE_ID>
    <BECUR_ID>ID-4</BECUR_ID>
    <NAME>Name-4</NAME>
    <DEFAULT_EXRATE>2</DEFAULT_EXRATE>
    <SYMBOL>Symbol-4</SYMBOL>
    <REFERENCE_NO_1>0</REFERENCE_NO_1>
    <REFERENCE_NO_2>0</REFERENCE_NO_2>
    <REFERENCE_NO_3>0</REFERENCE_NO_3>
    <DELMARK>N</DELMARK>
    <GW_STATUS>UNSEND</GW_STATUS>
    <CREATED_AT>GSIVM-SVR-DEVSC</CREATED_AT>
    <CREATED_BY>PRAVEEN</CREATED_BY>
    <CREATED_ON>2021-05-26T17:53:33+05:30</CREATED_ON>
    <MODIFIED_AT>GSIVM-SVR-DEVSC</MODIFIED_AT>
    <MODIFIED_BY>PRAVEEN</MODIFIED_BY>
    <MODIFIED_ON>2021-05-26T17:53:33+05:30</MODIFIED_ON>
    <SYS_STAMP>GSIVM-SVR-DEVSCPRAVEEN5/26/2021 5:53:33 PM</SYS_STAMP>
    <DB_ROW_COUNT>4</DB_ROW_COUNT>
  </Table>
  <Table>
    <BE_ID>BSPL</BE_ID>
    <BECUR_ID>ID-5</BECUR_ID>
    <NAME>Name-5</NAME>
    <DEFAULT_EXRATE>2</DEFAULT_EXRATE>
    <SYMBOL>Symbol-5</SYMBOL>
    <REFERENCE_NO_1>0</REFERENCE_NO_1>
    <REFERENCE_NO_2>0</REFERENCE_NO_2>
    <REFERENCE_NO_3>0</REFERENCE_NO_3>
    <DELMARK>N</DELMARK>
    <GW_STATUS>UNSEND</GW_STATUS>
    <CREATED_AT>GSIVM-SVR-DEVSC</CREATED_AT>
    <CREATED_BY>PRAVEEN</CREATED_BY>
    <CREATED_ON>2021-05-26T17:53:33+05:30</CREATED_ON>
    <MODIFIED_AT>GSIVM-SVR-DEVSC</MODIFIED_AT>
    <MODIFIED_BY>PRAVEEN</MODIFIED_BY>
    <MODIFIED_ON>2021-05-26T17:53:33+05:30</MODIFIED_ON>
    <SYS_STAMP>GSIVM-SVR-DEVSCPRAVEEN5/26/2021 5:53:33 PM</SYS_STAMP>
    <DB_ROW_COUNT>4</DB_ROW_COUNT>
  </Table>
  <Table>
    <BE_ID>BSPL</BE_ID>
    <BECUR_ID>ID-6</BECUR_ID>
    <NAME>Name-6</NAME>
    <DEFAULT_EXRATE>2</DEFAULT_EXRATE>
    <SYMBOL>Symbol-6</SYMBOL>
    <REFERENCE_NO_1>0</REFERENCE_NO_1>
    <REFERENCE_NO_2>0</REFERENCE_NO_2>
    <REFERENCE_NO_3>0</REFERENCE_NO_3>
    <DELMARK>N</DELMARK>
    <GW_STATUS>UNSEND</GW_STATUS>
    <CREATED_AT>GSIVM-SVR-DEVSC</CREATED_AT>
    <CREATED_BY>PRAVEEN</CREATED_BY>
    <CREATED_ON>2021-05-26T17:53:33+05:30</CREATED_ON>
    <MODIFIED_AT>GSIVM-SVR-DEVSC</MODIFIED_AT>
    <MODIFIED_BY>PRAVEEN</MODIFIED_BY>
    <MODIFIED_ON>2021-05-26T17:53:33+05:30</MODIFIED_ON>
    <SYS_STAMP>GSIVM-SVR-DEVSCPRAVEEN5/26/2021 5:53:33 PM</SYS_STAMP>
    <DB_ROW_COUNT>4</DB_ROW_COUNT>
  </Table>
  <Table>
    <BE_ID>BSPL</BE_ID>
    <BECUR_ID>ID-7</BECUR_ID>
    <NAME>Name-7</NAME>
    <DEFAULT_EXRATE>2</DEFAULT_EXRATE>
    <SYMBOL>Symbol-7</SYMBOL>
    <REFERENCE_NO_1>0</REFERENCE_NO_1>
    <REFERENCE_NO_2>0</REFERENCE_NO_2>
    <REFERENCE_NO_3>0</REFERENCE_NO_3>
    <DELMARK>N</DELMARK>
    <GW_STATUS>UNSEND</GW_STATUS>
    <CREATED_AT>GSIVM-SVR-DEVSC</CREATED_AT>
    <CREATED_BY>PRAVEEN</CREATED_BY>
    <CREATED_ON>2021-05-26T17:53:33+05:30</CREATED_ON>
    <MODIFIED_AT>GSIVM-SVR-DEVSC</MODIFIED_AT>
    <MODIFIED_BY>PRAVEEN</MODIFIED_BY>
    <MODIFIED_ON>2021-05-26T17:53:33+05:30</MODIFIED_ON>
    <SYS_STAMP>GSIVM-SVR-DEVSCPRAVEEN5/26/2021 5:53:33 PM</SYS_STAMP>
    <DB_ROW_COUNT>4</DB_ROW_COUNT>
  </Table>
  <Table>
    <BE_ID>BSPL</BE_ID>
    <BECUR_ID>ID-8</BECUR_ID>
    <NAME>Name-8</NAME>
    <DEFAULT_EXRATE>2</DEFAULT_EXRATE>
    <SYMBOL>Symbol-8</SYMBOL>
    <REFERENCE_NO_1>0</REFERENCE_NO_1>
    <REFERENCE_NO_2>0</REFERENCE_NO_2>
    <REFERENCE_NO_3>0</REFERENCE_NO_3>
    <DELMARK>N</DELMARK>
    <GW_STATUS>UNSEND</GW_STATUS>
    <CREATED_AT>GSIVM-SVR-DEVSC</CREATED_AT>
    <CREATED_BY>PRAVEEN</CREATED_BY>
    <CREATED_ON>2021-05-26T17:53:33+05:30</CREATED_ON>
    <MODIFIED_AT>GSIVM-SVR-DEVSC</MODIFIED_AT>
    <MODIFIED_BY>PRAVEEN</MODIFIED_BY>
    <MODIFIED_ON>2021-05-26T17:53:33+05:30</MODIFIED_ON>
    <SYS_STAMP>GSIVM-SVR-DEVSCPRAVEEN5/26/2021 5:53:33 PM</SYS_STAMP>
    <DB_ROW_COUNT>4</DB_ROW_COUNT>
  </Table>
  <Table>
    <BE_ID>BSPL</BE_ID>
    <BECUR_ID>ID-9</BECUR_ID>
    <NAME>Name-9</NAME>
    <DEFAULT_EXRATE>2</DEFAULT_EXRATE>
    <SYMBOL>Symbol-9</SYMBOL>
    <REFERENCE_NO_1>0</REFERENCE_NO_1>
    <REFERENCE_NO_2>0</REFERENCE_NO_2>
    <REFERENCE_NO_3>0</REFERENCE_NO_3>
    <DELMARK>N</DELMARK>
    <GW_STATUS>UNSEND</GW_STATUS>
    <CREATED_AT>GSIVM-SVR-DEVSC</CREATED_AT>
    <CREATED_BY>PRAVEEN</CREATED_BY>
    <CREATED_ON>2021-05-26T17:53:33+05:30</CREATED_ON>
    <MODIFIED_AT>GSIVM-SVR-DEVSC</MODIFIED_AT>
    <MODIFIED_BY>PRAVEEN</MODIFIED_BY>
    <MODIFIED_ON>2021-05-26T17:53:33+05:30</MODIFIED_ON>
    <SYS_STAMP>GSIVM-SVR-DEVSCPRAVEEN5/26/2021 5:53:33 PM</SYS_STAMP>
    <DB_ROW_COUNT>4</DB_ROW_COUNT>
  </Table>
  <Table>
    <BE_ID>BSPL</BE_ID>
    <BECUR_ID>ID-10</BECUR_ID>
    <NAME>Name-10</NAME>
    <DEFAULT_EXRATE>2</DEFAULT_EXRATE>
    <SYMBOL>Symbol-10</SYMBOL>
    <REFERENCE_NO_1>0</REFERENCE_NO_1>
    <REFERENCE_NO_2>0</REFERENCE_NO_2>
    <REFERENCE_NO_3>0</REFERENCE_NO_3>
    <DELMARK>N</DELMARK>
    <GW_STATUS>UNSEND</GW_STATUS>
    <CREATED_AT>GSIVM-SVR-DEVSC</CREATED_AT>
    <CREATED_BY>PRAVEEN</CREATED_BY>
    <CREATED_ON>2021-05-26T17:53:33+05:30</CREATED_ON>
    <MODIFIED_AT>GSIVM-SVR-DEVSC</MODIFIED_AT>
    <MODIFIED_BY>PRAVEEN</MODIFIED_BY>
    <MODIFIED_ON>2021-05-26T17:53:33+05:30</MODIFIED_ON>
    <SYS_STAMP>GSIVM-SVR-DEVSCPRAVEEN5/26/2021 5:53:33 PM</SYS_STAMP>
    <DB_ROW_COUNT>4</DB_ROW_COUNT>
  </Table>
  <Table>
    <BE_ID>BSPL</BE_ID>
    <BECUR_ID>ID-11</BECUR_ID>
    <NAME>Name-11</NAME>
    <DEFAULT_EXRATE>2</DEFAULT_EXRATE>
    <SYMBOL>Symbol-11</SYMBOL>
    <REFERENCE_NO_1>0</REFERENCE_NO_1>
    <REFERENCE_NO_2>0</REFERENCE_NO_2>
    <REFERENCE_NO_3>0</REFERENCE_NO_3>
    <DELMARK>N</DELMARK>
    <GW_STATUS>UNSEND</GW_STATUS>
    <CREATED_AT>GSIVM-SVR-DEVSC</CREATED_AT>
    <CREATED_BY>PRAVEEN</CREATED_BY>
    <CREATED_ON>2021-05-26T17:53:33+05:30</CREATED_ON>
    <MODIFIED_AT>GSIVM-SVR-DEVSC</MODIFIED_AT>
    <MODIFIED_BY>PRAVEEN</MODIFIED_BY>
    <MODIFIED_ON>2021-05-26T17:53:33+05:30</MODIFIED_ON>
    <SYS_STAMP>GSIVM-SVR-DEVSCPRAVEEN5/26/2021 5:53:33 PM</SYS_STAMP>
    <DB_ROW_COUNT>4</DB_ROW_COUNT>
  </Table>
  <Table>
    <BE_ID>BSPL</BE_ID>
    <BECUR_ID>ID-12</BECUR_ID>
    <NAME>Name-12</NAME>
    <DEFAULT_EXRATE>2</DEFAULT_EXRATE>
    <SYMBOL>Symbol-12</SYMBOL>
    <REFERENCE_NO_1>0</REFERENCE_NO_1>
    <REFERENCE_NO_2>0</REFERENCE_NO_2>
    <REFERENCE_NO_3>0</REFERENCE_NO_3>
    <DELMARK>N</DELMARK>
    <GW_STATUS>UNSEND</GW_STATUS>
    <CREATED_AT>GSIVM-SVR-DEVSC</CREATED_AT>
    <CREATED_BY>PRAVEEN</CREATED_BY>
    <CREATED_ON>2021-05-26T17:53:33+05:30</CREATED_ON>
    <MODIFIED_AT>GSIVM-SVR-DEVSC</MODIFIED_AT>
    <MODIFIED_BY>PRAVEEN</MODIFIED_BY>
    <MODIFIED_ON>2021-05-26T17:53:33+05:30</MODIFIED_ON>
    <SYS_STAMP>GSIVM-SVR-DEVSCPRAVEEN5/26/2021 5:53:33 PM</SYS_STAMP>
    <DB_ROW_COUNT>4</DB_ROW_COUNT>
  </Table>
  <Table>
    <BE_ID>BSPL</BE_ID>
    <BECUR_ID>ID-13</BECUR_ID>
    <NAME>Name-13</NAME>
    <DEFAULT_EXRATE>2</DEFAULT_EXRATE>
    <SYMBOL>Symbol-13</SYMBOL>
    <REFERENCE_NO_1>0</REFERENCE_NO_1>
    <REFERENCE_NO_2>0</REFERENCE_NO_2>
    <REFERENCE_NO_3>0</REFERENCE_NO_3>
    <DELMARK>N</DELMARK>
    <GW_STATUS>UNSEND</GW_STATUS>
    <CREATED_AT>GSIVM-SVR-DEVSC</CREATED_AT>
    <CREATED_BY>PRAVEEN</CREATED_BY>
    <CREATED_ON>2021-05-26T17:53:33+05:30</CREATED_ON>
    <MODIFIED_AT>GSIVM-SVR-DEVSC</MODIFIED_AT>
    <MODIFIED_BY>PRAVEEN</MODIFIED_BY>
    <MODIFIED_ON>2021-05-26T17:53:33+05:30</MODIFIED_ON>
    <SYS_STAMP>GSIVM-SVR-DEVSCPRAVEEN5/26/2021 5:53:33 PM</SYS_STAMP>
    <DB_ROW_COUNT>4</DB_ROW_COUNT>
  </Table>
  <Table>
    <BE_ID>BSPL</BE_ID>
    <BECUR_ID>SGD</BECUR_ID>
    <NAME>Singapore Dollar</NAME>
    <DEFAULT_EXRATE>1</DEFAULT_EXRATE>
    <SYMBOL>SGD</SYMBOL>
    <REFERENCE_NO_1>0</REFERENCE_NO_1>
    <REFERENCE_NO_2>0</REFERENCE_NO_2>
    <REFERENCE_NO_3>0</REFERENCE_NO_3>
    <DELMARK>N</DELMARK>
    <GW_STATUS>UNSEND</GW_STATUS>
    <CREATED_AT>GURUSOFTPTELTD</CREATED_AT>
    <CREATED_BY>ROOT</CREATED_BY>
    <CREATED_ON>2018-07-30T11:39:47+05:30</CREATED_ON>
    <MODIFIED_AT>GSI-DTP-15-001</MODIFIED_AT>
    <MODIFIED_BY>PRAVEEN</MODIFIED_BY>
    <MODIFIED_ON>2021-05-25T17:48:21+05:30</MODIFIED_ON>
    <SYS_STAMP>GSI-DTP-15-001PRAVEEN5/25/2021 5:48:21 PM</SYS_STAMP>
    <DB_ROW_COUNT>4</DB_ROW_COUNT>
  </Table>
  <Table>
    <BE_ID>BSPL</BE_ID>
    <BECUR_ID>USD</BECUR_ID>
    <NAME>US Dollar</NAME>
    <DEFAULT_EXRATE>3</DEFAULT_EXRATE>
    <SYMBOL>$</SYMBOL>
    <REFERENCE_NO_1>0</REFERENCE_NO_1>
    <REFERENCE_NO_2>0</REFERENCE_NO_2>
    <REFERENCE_NO_3>0</REFERENCE_NO_3>
    <DELMARK>N</DELMARK>
    <GW_STATUS>UNSEND</GW_STATUS>
    <CREATED_AT>GSI-DTP-15-001</CREATED_AT>
    <CREATED_BY>PRAVEEN</CREATED_BY>
    <CREATED_ON>2021-05-22T09:17:33+05:30</CREATED_ON>
    <MODIFIED_AT>GSI-DTP-15-001</MODIFIED_AT>
    <MODIFIED_BY>PRAVEEN</MODIFIED_BY>
    <MODIFIED_ON>2021-05-26T11:19:57+05:30</MODIFIED_ON>
    <SYS_STAMP>GSI-DTP-15-001PRAVEEN5/26/2021 11:19:57 AM</SYS_STAMP>
    <DB_ROW_COUNT>4</DB_ROW_COUNT>
  </Table>
  <Table>
    <BE_ID />
    <BECUR_ID>TT1</BECUR_ID>
    <NAME>TT1</NAME>
    <DEFAULT_EXRATE />
    <SYMBOL>TT1</SYMBOL>
    <REFERENCE_NO_1 />
    <REFERENCE_NO_2 />
    <REFERENCE_NO_3 />
    <DELMARK />
    <GW_STATUS />
    <CREATED_AT>TT</CREATED_AT>
  </Table>
  <Table>
    <BE_ID>BSPL</BE_ID>
    <BECUR_ID>TT2</BECUR_ID>
    <NAME>TT2</NAME>
    <DEFAULT_EXRATE>1</DEFAULT_EXRATE>
    <SYMBOL>TTT</SYMBOL>
    <REFERENCE_NO_1 />
    <REFERENCE_NO_2 />
    <REFERENCE_NO_3 />
    <DELMARK>N</DELMARK>
    <GW_STATUS>UNSEND</GW_STATUS>
  </Table>
</NewDataSet>